Workbook
Name _DSA: #REF!
Name _DSA: #REF!
Name _DSA: #REF!
Name ASDS: #REF!
Name ASDS: #REF!
Name ASDS: #REF!
Name CFGauth: #REF!
Name CFGauth: #REF!
Name CFGauth: #REF!
Name cfgAuthPwd: #REF!
Name cfgAuthPwd: #REF!
Name cfgAuthPwd: #REF!
Name cfgAuthUser: #REF!
Name cfgAuthUser: #REF!
Name cfgAuthUser: #REF!
Name cfgBaseLanguage: #REF!
Name cfgBaseLanguage: #REF!
Name cfgBaseLanguage: #REF!
Name cfgBatchSize: #REF!
Name cfgBatchSize: #REF!
Name cfgBatchSize: #REF!
Name cfgConnectTimeout: #REF!
Name cfgConnectTimeout: #REF!
Name cfgConnectTimeout: #REF!
Name cfgContinueSync: #REF!
Name cfgContinueSync: #REF!
Name cfgContinueSync: #REF!
Name cfgDateFormat: #REF!
Name cfgDateFormat: #REF!
Name cfgDateFormat: #REF!
Name cfgDateTimeFormat: #REF!
Name cfgDateTimeFormat: #REF!
Name cfgDateTimeFormat: #REF!
Name cfgDisplaySummary: #REF!
Name cfgDisplaySummary: #REF!
Name cfgDisplaySummary: #REF!
Name cfgEnableAuth: #REF!
Name cfgEnableAuth: #REF!
Name cfgEnableAuth: #REF!
Name cfgLogEnabled: #REF!
Name cfgLogEnabled: #REF!
Name cfgLogEnabled: #REF!
Name cfgLogFileName: #REF!
Name cfgLogFileName: #REF!
Name cfgLogFileName: #REF!
Name cfgLogLevel: #REF!
Name cfgLogLevel: #REF!
Name cfgLogLevel: #REF!
Name cfgMaxCount: #REF!
Name cfgMaxCount: #REF!
Name cfgMaxCount: #REF!
Name cfgMxUrl: #REF!
Name cfgMxUrl: #REF!
Name cfgMxUrl: #REF!
Name cfgProxy: #REF!
Name cfgProxy: #REF!
Name cfgProxy: #REF!
Name cfgProxyPort: #REF!
Name cfgProxyPort: #REF!
Name cfgProxyPort: #REF!

Sheet rumus terdekat
A1: cek data | B1: x | C1: y | D1: BIGO SELATAN | E1: BOLAANG MONGONDOW UTARA | F1: BB 143.1 | G1: 0.89482 | H1: 123.26336
A2: isian kordinat | B2: 0.71572 | C2: 124.37167 | D2: BUYAT | E2: BOLAANG MONGONDOW TIMUR | F2: KMO 215 | G2: 0.85049599 | H2: 124.68857
A3: gardu terdetkat | B3: =LOOKUP(1,1/FREQUENCY(0,SIN((RADIANS($G:$G-$B$2))/2)^2+SIN((RADIANS($H:$H-$C$2))/2)^2*COS(RADIANS($G:$G))*COS(RADIANS($B$2))),$F:$F) -> KMO 12 | D3: BUYAT | E3: BOLAANG MONGONDOW TIMUR | F3: KMO 216 | G3: 0.85150701 | H3: 124.68964
A4: gardu terdetkat1 | B4: {=LOOKUP(1,1/FREQUENCY(0,SIN((RADIANS($G:$G-$B$2))/2)^1+SIN((RADIANS($H:$H-$C$2))/2)^2*COS(RADIANS($G:$G))*COS(RADIANS($B$2))),$F:$F)} -> KMO 12 | D4: BONGKUDAI | E4: BOLAANG MONGONDOW TIMUR | F4: KMO 12 | G4: 0.71572 | H4: 124.37167
A5: gardu terdetkat2 | B5: {=LOOKUP(1,1/FREQUENCY(0,SIN((RADIANS($G:$G-$B$2))/2)^3+SIN((RADIANS($H:$H-$C$2))/2)^2*COS(RADIANS($G:$G))*COS(RADIANS($B$2))),$F:$F)} -> KMO 12 | D5: BONGKUDAI | E5: BOLAANG MONGONDOW TIMUR | F5: KMO 15 | G5: 0.71509397 | H5: 124.37309
A6: gardu terdetkat3 | B6: {=LOOKUP(1,1/FREQUENCY(0,SIN((RADIANS($G:$G-$B$2))/2)^4+SIN((RADIANS($H:$H-$C$2))/2)^2*COS(RADIANS($G:$G))*COS(RADIANS($B$2))),$F:$F)} -> KMO 12 | D6: TOMBOLIKAT | E6: BOLAANG MONGONDOW TIMUR | F6: KMO 196 | G6: 0.77558601 | H6: 124.61767
A7: jurusan T Induk | D7: PINOLOSIAN TIMUR | E7: BOLAANG MONGONDOW SELATAN | F7: L-144 | G7: 0.45646 | H7: 124.42854
A8: cabang R1 | D8: TOBONGON | E8: BOLAANG MONGONDOW TIMUR | F8: KMO 31 | G8: 0.702353 | H8: 124.40488
A9: cabang R2 | D9: LANUD | E9: BOLAANG MONGONDOW TIMUR | F9: KMO 38 | G9: 0.65386802 | H9: 124.45435
A10: cabang R3 | D10: LANUD | E10: BOLAANG MONGONDOW TIMUR | F10: KMO 40 | G10: 0.656537 | H10: 124.46075
A11: cabang R4 | D11: NUANGAN | E11: BOLAANG MONGONDOW TIMUR | F11: KMO 64 | G11: 0.58212799 | H11: 124.52679
A12: cabang S1 | D12: NUANGAN | E12: BOLAANG MONGONDOW TIMUR | F12: KMO 65 | G12: 0.57849699 | H12: 124.5134
A13: cabang S2 | D13: PINASUNGKULAN | E13: MINAHASA SELATAN | F13: KMO 122 | G13: 0.79277599 | H13: 124.45316
A14: cabang S3 | D14: MAKAARUYEN | E14: MINAHASA SELATAN | F14: KMO 129 | G14: 0.80122799 | H14: 124.44716
A15: cabang S4 | D15: MAKAARUYEN | E15: MINAHASA SELATAN | F15: KMO 131 | G15: 0.80458701 | H15: 124.44593
D16: BOLAANG UKI | E16: BOLAANG MONGONDOW SELATAN | F16: L-087 | G16: 0.37527 | H16: 124.00867
D17: BOLAANG UKI | E17: BOLAANG MONGONDOW SELATAN | F17: L-089 | G17: 0.38067 | H17: 124.01775
A18: gardu terdetkatopsi 2 | B18: {=LOOKUP(1,1/FREQUENCY(0,MMULT(($G:$H-$B$2:$C$2)^2,{1;1})),$F:$F)} -> KMO 12 | D18: PINOLOSIAN TIMUR | E18: BOLAANG MONGONDOW SELATAN | F18: L-139 | G18: 0.45651 | H18: 124.40461
A19: pelanggan piutang terdekat | D19: KOTABUNAN | E19: BOLAANG MONGONDOW TIMUR | F19: KMO 207 | G19: 0.807311 | H19: 124.65518
A20: pelanggan piutang terdekat opsi 2 | D20: MOYONGKOTA | E20: BOLAANG MONGONDOW TIMUR | F20: KMO 3 | G20: 0.73105902 | H20: 124.35713
D21: MOYONGKOTA | E21: BOLAANG MONGONDOW TIMUR | F21: KMO 4 | G21: 0.72947103 | H21: 124.35571
D22: MOLOBOG | E22: BOLAANG MONGONDOW TIMUR | F22: KMO 49 | G22: 0.63827401 | H22: 124.52997
D23: MOLOBOG | E23: BOLAANG MONGONDOW TIMUR | F23: KMO 53 | G23: 0.65332598 | H23: 124.54971
D24: JIKO | E24: BOLAANG MONGONDOW TIMUR | F24: KMO 56 | G24: 0.62147599 | H24: 124.54624
D25: PALELON | E25: MINAHASA SELATAN | F25: KMO 133 | G25: 0.80663902 | H25: 124.43892
D26: WULURMAATUS | E26: MINAHASA SELATAN | F26: KMO 138 | G26: 0.81015199 | H26: 124.43267
D27: MOKOBANG | E27: MINAHASA SELATAN | F27: KMO 140 | G27: 0.84362203 | H27: 124.43693
D28: MOTONGKAT | E28: BOLAANG MONGONDOW TIMUR | F28: KMO 157 | G28: 0.66319901 | H28: 124.55881
D29: MODAYAG | E29: BOLAANG MONGONDOW TIMUR | F29: KMO 22 | G29: 0.710985 | H29: 124.38274
D30: LIBERIA | E30: BOLAANG MONGONDOW TIMUR | F30: KMO 84 | G30: 0.719455 | H30: 124.3939
D31: LANUD | E31: BOLAANG MONGONDOW TIMUR | F31: KMO 42 | G31: 0.65116602 | H31: 124.46834
D32: BAI | E32: BOLAANG MONGONDOW TIMUR | F32: KMO 47 | G32: 0.63456899 | H32: 124.51112
... D1363: LOLAK | E1363: BOLAANG MONGONDOW INDUK | F1363: NL 052 | G1363: 0.86078 | H1363: 123.93939

Sheet gardu up3 kotamobagu
A1: GARDUID | B1: UID_W | C1: UP3_2D | D1: ULP | E1: CXPENYULANG | F1: CXUNIT | G1: LOCATION | H1: DESCRIPTION | I1: STATUS | J1: OWNERSYSID | K1: EXTERNALREFID | L1: TUJDNUMBER | M1: ASSETCLASSHI | N1: SADDRESSCODE | O1: CHANGEBY | P1: CHANGEDATE | Q1: LONGITUDEX | R1: LATITUDEY | S1: STREETADDRESS | T1: FORMATTEDADDRESS | U1: CITY | V1: ISASSET | W1: JENIS_PELAYANAN | X1: KODE_PERALATAN | Y1: OWNER_PEMELIHARAAN | Z1: STATUS_KEPEMILIKAN | AA1: STATUS_RC | AB1: TYPE_BANGUNAN_GARDU | AC1: TYPE_GARDU | AD1: ROWSTAMP | AE1: INSDATE
A2: 518040 | B2: UIW.7301 | C2: UP3.7314 | D2: ULP.31740 | E2: 11053186 | F2: ULP.31740 | G2: GD01.31305284 | H2: BB 143.1 | I2: OPERATING | L2: 73GD0131305284 | M2: 3 | N2: SA2734355 | O2: ZAKKI.MUBAROK | P2: 2021-08-20-07.30.15.321000 | Q2: 123.26336 | R2: 0.89482 | S2: BIGO SELATAN | T2: BIGO SELATAN | U2: BOLAANG MONGONDOW UTARA | AD2: 6070887223 | AE2: 2023-08-28-18.43.56.776156
A3: 518073 | B3: UIW.7301 | C3: UP3.7314 | D3: ULP.31730 | E3: 11053199 | F3: ULP.31730 | G3: GD01.22185513 | H3: KMO 215 | I3: OPERATING | L3: 73GD0122185513 | M3: 3 | N3: SA26984120 | O3: MXINTADM | P3: 2020-09-24-17.49.19.148000 | Q3: 124.68857 | R3: 0.85049599 | S3: JLN. RATAHAN-KOTAMOBAGU | T3: BUYAT | U3: BOLAANG MONGONDOW TIMUR | V3: 1 | W3: Umum | Z3: PLN | AA3: TIDAK ADA | AB3: 0 | AC3: Gardu Cantol | AD3: 6070872770 | AE3: 2023-08-28-18.43.56.776156
A4: 518074 | B4: UIW.7301 | C4: UP3.7314 | D4: ULP.31730 | E4: 11053199 | F4: ULP.31730 | G4: GD01.22185514 | H4: KMO 216 | I4: OPERATING | L4: 73GD0122185514 | M4: 3 | N4: SA26984121 | O4: MXINTADM | P4: 2020-08-25-19.01.18.274000 | Q4: 124.68964 | R4: 0.85150701 | S4: JLN. RATAHAN-KOTAMOBAGU | T4: BUYAT | U4: BOLAANG MONGONDOW TIMUR | V4: 1 | W4: Umum | Z4: PLN | AA4: TIDAK ADA | AB4: 0 | AC4: Gardu Cantol | AD4: 6070872771 | AE4: 2023-08-28-18.43.56.776156
A5: 518415 | B5: UIW.7301 | C5: UP3.7314 | D5: ULP.31730 | E5: 11053198 | F5: ULP.31730 | G5: GD01.14040072 | H5: KMO 12 | I5: OPERATING | L5: 73GD0114040072 | M5: 3 | N5: SA15533570 | O5: MXINTADM | P5: 2020-08-25-19.01.06.624000 | Q5: 124.37167 | R5: 0.71572 | S5: JLN. RATAHAN-KOTAMOBAGU | T5: BONGKUDAI | U5: BOLAANG MONGONDOW TIMUR | V5: 1 | W5: Umum | Z5: PLN | AA5: TIDAK ADA | AB5: 0 | AC5: Gardu Cantol | AD5: 6070871502 | AE5: 2023-08-28-18.43.56.776156
A6: 518416 | B6: UIW.7301 | C6: UP3.7314 | D6: ULP.31730 | E6: 11053198 | F6: ULP.31730 | G6: GD01.14040075 | H6: KMO 15 | I6: OPERATING | L6: 73GD0114040075 | M6: 3 | N6: SA15533573 | O6: MXINTADM | P6: 2020-08-25-19.01.07.046000 | Q6: 124.37309 | R6: 0.71509397 | S6: JLN. RATAHAN-KOTAMOBAGU | T6: BONGKUDAI | U6: BOLAANG MONGONDOW TIMUR | V6: 1 | W6: Umum | Z6: PLN | AA6: TIDAK ADA | AB6: 0 | AC6: Gardu Cantol | AD6: 6070871505 | AE6: 2023-08-28-18.43.56.776156
A7: 518418 | B7: UIW.7301 | C7: UP3.7314 | D7: ULP.31730 | E7: 11053199 | F7: ULP.31730 | G7: GD01.14040085 | H7: KMO 196 | I7: OPERATING | L7: 73GD0114040085 | M7: 3 | N7: SA15533583 | O7: MXINTADM | P7: 2020-08-25-19.01.19.785000 | Q7: 124.61767 | R7: 0.77558601 | S7: JLN. RATAHAN-KOTAMOBAGU | T7: TOMBOLIKAT | U7: BOLAANG MONGONDOW TIMUR | V7: 1 | W7: Umum | Z7: PLN | AA7: TIDAK ADA | AB7: 0 | AC7: Gardu Portal | AD7: 6070871511 | AE7: 2023-08-28-18.43.56.776156
A8: 518439 | B8: UIW.7301 | C8: UP3.7314 | D8: ULP.31750 | E8: 11053210 | F8: ULP.31750 | G8: GD01.14039406 | H8: L-144 | I8: OPERATING | L8: 73GD0114039406 | M8: 3 | N8: SA15532904 | O8: MXINTADM | P8: 2020-08-01-06.39.33.236000 | Q8: 124.42854 | R8: 0.45646 | S8: POSILAGON | T8: PINOLOSIAN TIMUR | U8: BOLAANG MONGONDOW SELATAN | V8: 1 | W8: Umum | Z8: PLN | AA8: TIDAK ADA | AB8: 0 | AC8: Gardu Cantol | AD8: 6070897489 | AE8: 2023-08-28-18.43.56.776156
A9: 518476 | B9: UIW.7301 | C9: UP3.7314 | D9: ULP.31730 | E9: 11053197 | F9: ULP.31730 | G9: GD01.14039020 | H9: KMO 31 | I9: OPERATING | L9: 73GD0114039020 | M9: 3 | N9: SA15532518 | O9: MXINTADM | P9: 2020-08-25-19.00.35.271000 | Q9: 124.40488 | R9: 0.702353 | S9: JLN. RATAHAN-KOTAMOBAGU | T9: TOBONGON | U9: BOLAANG MONGONDOW TIMUR | V9: 1 | W9: Umum | Z9: PLN | AA9: TIDAK ADA | AB9: 0 | AC9: Gardu Cantol | AD9: 6070871355 | AE9: 2023-08-28-18.43.56.776156
A10: 518477 | B10: UIW.7301 | C10: UP3.7314 | D10: ULP.31730 | E10: 11053197 | F10: ULP.31730 | G10: GD01.14039027 | H10: KMO 38 | I10: OPERATING | L10: 73GD0114039027 | M10: 3 | N10: SA15532525 | O10: MXINTADM | P10: 2020-08-25-19.00.34.945000 | Q10: 124.45435 | R10: 0.65386802 | S10: JLN. RATAHAN-KOTAMOBAGU | T10: LANUD | U10: BOLAANG MONGONDOW TIMUR | V10: 1 | W10: Umum | Z10: PLN | AA10: TIDAK ADA | AB10: 0 | AC10: Gardu Cantol | AD10: 6070871361 | AE10: 2023-08-28-18.43.56.776156
A11: 518478 | B11: UIW.7301 | C11: UP3.7314 | D11: ULP.31730 | E11: 11053197 | F11: ULP.31730 | G11: GD01.14039029 | H11: KMO 40 | I11: OPERATING | L11: 73GD0114039029 | M11: 3 | N11: SA15532527 | O11: MXINTADM | P11: 2020-08-25-19.00.35.289000 | Q11: 124.46075 | R11: 0.656537 | S11: JLN. RATAHAN-KOTAMOBAGU | T11: LANUD | U11: BOLAANG MONGONDOW TIMUR | V11: 1 | W11: Umum | Z11: PLN | AA11: TIDAK ADA | AB11: 0 | AC11: Gardu Cantol | AD11: 6070871363 | AE11: 2023-08-28-18.43.56.776156
A12: 518479 | B12: UIW.7301 | C12: UP3.7314 | D12: ULP.31730 | E12: 11053197 | F12: ULP.31730 | G12: GD01.14039053 | H12: KMO 64 | I12: OPERATING | L12: 73GD0114039053 | M12: 3 | N12: SA15532551 | O12: MXINTADM | P12: 2020-08-25-19.00.35.515000 | Q12: 124.52679 | R12: 0.58212799 | S12: JLN. TRANS LINGKAR SELATAN | T12: NUANGAN | U12: BOLAANG MONGONDOW TIMUR | V12: 1 | W12: Khusus | Z12: PLN | AA12: TIDAK ADA | AB12: 0 | AC12: Gardu Portal | AD12: 6070871386 | AE12: 2023-08-28-18.43.56.776156
A13: 518480 | B13: UIW.7301 | C13: UP3.7314 | D13: ULP.31730 | E13: 11053197 | F13: ULP.31730 | G13: GD01.14039054 | H13: KMO 65 | I13: OPERATING | L13: 73GD0114039054 | M13: 3 | N13: SA15532552 | O13: MXINTADM | P13: 2020-08-25-19.00.34.535000 | Q13: 124.5134 | R13: 0.57849699 | S13: JLN. TRANS LINGKAR SELATAN | T13: NUANGAN | U13: BOLAANG MONGONDOW TIMUR | V13: 1 | W13: Umum | Z13: PLN | AA13: TIDAK ADA | AB13: 0 | AC13: Gardu Portal | AD13: 6070871387 | AE13: 2023-08-28-18.43.56.776156
A14: 518481 | B14: UIW.7301 | C14: UP3.7314 | D14: ULP.31730 | E14: 11053194 | F14: ULP.31730 | G14: GD01.14039100 | H14: KMO 122 | I14: OPERATING | L14: 73GD0114039100 | M14: 3 | N14: SA15532598 | O14: MXINTADM | P14: 2020-08-25-19.00.04.255000 | Q14: 124.45316 | R14: 0.79277599 | S14: JLN. AMURANG KOTAMOBAGU | T14: PINASUNGKULAN | U14: MINAHASA SELATAN | V14: 1 | W14: Umum | Z14: PLN | AA14: TIDAK ADA | AB14: 0 | AC14: Gardu Portal | AD14: 6070871431 | AE14: 2023-08-28-18.43.56.776156
... A71: 521619 | B71: UIW.7301 | C71: UP3.7314 | D71: ULP.31750 | E71: 11053210 | F71: ULP.31750 | G71: GD01.14039395 | H71: L-133 | I71: OPERATING | L71: 73GD0114039395 | M71: 3 | N71: SA15532893 | O71: MXINTADM | P71: 2020-08-01-06.36.24.509000 | Q71: 124.30897 | R71: 0.44014 | S71: MATANDOI | T71: PINOLOSIAN TIMUR | U71: BOLAANG MONGONDOW SELATAN | V71: 1 | W71: Umum | Z71: PLN | AA71: TIDAK ADA | AB71: 0 | AC71: Gardu Cantol | AD71: 6070897478 | AE71: 2023-08-28-18.43.56.776156
A72: 521995 | B72: UIW.7301 | C72: UP3.7314 | D72: ULP.31760 | F72: ULP.31760 | G72: GD01.22417877 | H72: K-278.4 | I72: OPERATING | L72: 73GD0122417877 | M72: 3 | N72: SA2668186 | O72: MXINTADM | P72: 2021-04-26-19.10.16.253000 | Q72: 124.26966 | R72: 0.601095 | S72: LOLAYAN | T72: BOLAANG MONGONDOW | U72: KOTAMOBAGU | V72: 1 | W72: Umum | Z72: PLN | AA72: TIDAK ADA | AB72: PORTAL | AC72: Gardu Portal | AD72: 6070899417 | AE72: 2023-08-28-18.43.56.776156
A73: 522208 | B73: UIW.7301 | C73: UP3.7314 | D73: ULP.31730 | E73: 11053199 | F73: ULP.31730 | G73: GD01.45596107 | H73: KMO 210.1 | I73: OPERATING | L73: 73GD0145596107 | M73: 3 | N73: SA51771315 | O73: AI.FAUZIAH | P73: 2021-11-02-14.44.01.397000 | Q73: 124.65477 | R73: 0.81178 | S73: JLN. RATAHAN-KOTAMOBAGU | T73: KOTABUNAN | U73: BOLAANG MONGONDOW TIMUR | V73: 1 | W73: Umum | Z73: PLN | AA73: TIDAK ADA | AC73: Gardu Portal | AD73: 6070872985 | AE73: 2023-08-28-18.43.56.776156
A74: 522209 | B74: UIW.7301 | C74: UP3.7314 | D74: ULP.31730 | E74: 11053199 | F74: ULP.31730 | G74: GD01.45688477 | H74: KMO 216.1 | I74: OPERATING | L74: 73GD0145688477 | M74: 3 | N74: SA51771919 | O74: ZAKKI.MUBAROK | P74: 2021-11-16-13.30.04.561000 | Q74: 124.6896 | R74: 0.85296 | S74: JLN. RATAHAN-KOTAMOBAGU | T74: BUYAT | U74: BOLAANG MONGONDOW TIMUR | V74: 1 | W74: Umum | Z74: PLN | AA74: TIDAK ADA | AC74: Gardu Portal | AD74: 6070872990 | AE74: 2023-08-28-18.43.56.776156
A75: 522219 | B75: UIW.7301 | C75: UP3.7314 | D75: ULP.31760 | E75: 11053154 | F75: ULP.31760 | G75: GD01.54193889 | H75: K-249.2 | I75: OPERATING | L75: 73GD0154193889 | M75: 3 | N75: SA51985987 | O75: ZAKKI.MUBAROK | P75: 2022-03-02-15.11.59.627000 | Q75: 124.32295 | R75: 0.70674 | S75: POYOWA BESAR | T75: KOTAMOBAGU SELATAN | U75: KOTAMOBAGU | W75: Umum | Z75: PLN | AA75: TIDAK ADA | AC75: Gardu Portal | AD75: 6070914854 | AE75: 2023-08-28-18.43.56.776156
A76: 522220 | B76: UIW.7301 | C76: UP3.7314 | D76: ULP.31760 | E76: 11053151 | F76: ULP.31760 | G76: GD01.54215633 | H76: K-017.1 | I76: OPERATING | L76: 73GD0154215633 | M76: 3 | N76: SA51986159 | O76: ZAKKI.MUBAROK | P76: 2022-03-02-15.11.59.800000 | Q76: 124.27882 | R76: 0.717361 | S76: JL TRANS SULAWESI | T76: MONGKONAI | U76: KOTAMOBAGU | W76: Umum | Z76: PLN | AA76: ADA | AC76: Gardu Portal | AD76: 6070914856 | AE76: 2023-08-28-18.43.56.776156
A77: 522267 | B77: UIW.7301 | C77: UP3.7314 | D77: ULP.31740 | E77: 11053186 | F77: ULP.31740 | G77: GD01.29040878 | H77: BB 150.1 | I77: OPERATING | L77: 73GD0129040878 | M77: 3 | N77: SA2733314 | O77: ZAKKI.MUBAROK | P77: 2021-08-13-09.27.46.282000 | Q77: 123.27865 | R77: 0.90469 | S77: KUALA | T77: KUALA | U77: BOLAANG MONGONDOW UTARA | V77: 1 | W77: Umum | Z77: PLN | AA77: TIDAK ADA | AC77: Gardu Portal | AD77: 6070887204 | AE77: 2023-08-28-18.43.56.776156
A78: 522289 | B78: UIW.7301 | C78: UP3.7314 | D78: ULP.31730 | E78: 11053199 | F78: ULP.31730 | G78: GD01.22185532 | H78: GARDU AMAL MAKALALAG | I78: OPERATING | L78: 73GD0122185532 | M78: 1 | N78: SA26984139 | O78: MXINTADM | P78: 2020-09-24-17.48.39.524000 | Q78: 124.53907 | R78: 0.679236 | S78: NUANGAN | T78: ATOGA | U78: BOLAANG MONGONDOW TIMUR | V78: 1 | W78: Khusus | Z78: PLN | AA78: ADA | AB78: 0 | AC78: Gardu Beton | AD78: 6070872784 | AE78: 2023-08-28-18.43.56.776156
A79: 522592 | B79: UIW.7301 | C79: UP3.7314 | D79: ULP.31730 | E79: 11053199 | F79: ULP.31730 | G79: GD01.14039839 | H79: KMO 178 | I79: OPERATING | L79: 73GD0114039839 | M79: 3 | N79: SA15533337 | O79: MXINTADM | P79: 2020-08-25-19.01.19.234000 | Q79: 124.61929 | R79: 0.754089 | S79: JLN. RATAHAN-KOTAMOBAGU | T79: TUTUYAN | U79: BOLAANG MONGONDOW TIMUR | V79: 1 | W79: Umum | Z79: PLN | AA79: TIDAK ADA | AB79: 0 | AC79: Gardu Cantol | AD79: 6070871475 | AE79: 2023-08-28-18.43.56.776156
A80: 522593 | B80: UIW.7301 | C80: UP3.7314 | D80: ULP.31730 | E80: 11053199 | F80: ULP.31730 | G80: GD01.14039843 | H80: KMO 182 | I80: OPERATING | L80: 73GD0114039843 | M80: 3 | N80: SA15533341 | O80: MXINTADM | P80: 2020-08-25-19.01.18.940000 | Q80: 124.61245 | R80: 0.75969499 | S80: JLN. RATAHAN-KOTAMOBAGU | T80: TUTUYAN | U80: BOLAANG MONGONDOW TIMUR | V80: 1 | W80: Umum | Z80: PLN | AA80: TIDAK ADA | AB80: 0 | AC80: Gardu Portal | AD80: 6070871479 | AE80: 2023-08-28-18.43.56.776156
A81: 522594 | B81: UIW.7301 | C81: UP3.7314 | D81: ULP.31730 | E81: 11053199 | F81: ULP.31730 | G81: GD01.14039844 | H81: KMO 183 | I81: OPERATING | L81: 73GD0114039844 | M81: 3 | N81: SA15533342 | O81: MXINTADM | P81: 2020-08-25-19.01.19.472000 | Q81: 124.61041 | R81: 0.75449401 | S81: JLN. RATAHAN-KOTAMOBAGU | T81: TUTUYAN | U81: BOLAANG MONGONDOW TIMUR | V81: 1 | W81: Umum | Z81: PLN | AA81: TIDAK ADA | AB81: 0 | AC81: Gardu Cantol | AD81: 6070871480 | AE81: 2023-08-28-18.43.56.776156
A82: 522624 | B82: UIW.7301 | C82: UP3.7314 | D82: ULP.31750 | E82: 11053210 | F82: ULP.31750 | G82: GD01.14039379 | H82: L-117 | I82: OPERATING | L82: 73GD0114039379 | M82: 3 | N82: SA15532877 | O82: ZAKKI.MUBAROK | P82: 2022-02-10-13.33.56.812000 | Q82: 124.13897 | R82: 0.40553 | S82: KOMBOT | T82: PINOLOSIAN | U82: BOLAANG MONGONDOW SELATAN | V82: 1 | W82: Umum | Z82: PLN | AA82: TIDAK ADA | AB82: 0 | AC82: Gardu Cantol | AD82: 6070897463 | AE82: 2023-08-28-18.43.56.776156
A83: 522625 | B83: UIW.7301 | C83: UP3.7314 | D83: ULP.31750 | E83: 11053210 | F83: ULP.31750 | G83: GD01.14039380 | H83: L-118 | I83: OPERATING | L83: 73GD0114039380 | M83: 3 | N83: SA15532878 | O83: MXINTADM | P83: 2020-08-01-06.36.06.990000 | Q83: 124.14255 | R83: 0.40499 | S83: KOMBOT | T83: PINOLOSIAN | U83: BOLAANG MONGONDOW SELATAN | V83: 1 | W83: Umum | Z83: PLN | AA83: TIDAK ADA | AB83: 0 | AC83: Gardu Cantol | AD83: 6070897464 | AE83: 2023-08-28-18.43.56.776156
A84: 522626 | B84: UIW.7301 | C84: UP3.7314 | D84: ULP.31750 | E84: 11053210 | F84: ULP.31750 | G84: GD01.14039387 | H84: L-126 | I84: OPERATING | L84: 73GD0114039387 | M84: 3 | N84: SA15532885 | O84: MXINTADM | P84: 2020-08-01-06.27.08.084000 | Q84: 124.25118 | R84: 0.42147 | S84: ADOW | T84: PINOLOSIAN SELATAN | U84: BOLAANG MONGONDOW SELATAN | V84: 1 | W84: Umum | Z84: PLN | AA84: TIDAK ADA | AB84: 0 | AC84: Gardu Cantol | AD84: 6070897471 | AE84: 2023-08-28-18.43.56.776156
A85: 522627 | B85: UIW.7301 | C85: UP3.7314 | D85: ULP.31750 | E85: 11053210 | F85: ULP.31750 | G85: GD01.14039389 | H85: L-127 | I85: OPERATING | L85: 73GD0114039389 | M85: 3 | N85: SA15532887 | O85: MXINTADM | P85: 2020-08-01-00.56.32.683000 | Q85: 124.26168 | R85: 0.43334 | S85: TOROSIK | T85: PINOLOSIAN SELATAN | U85: BOLAANG MONGONDOW SELATAN | V85: 1 | W85: Umum | Z85: PLN | AA85: TIDAK ADA | AB85: 0 | AC85: Gardu Cantol | AD85: 6070897472 | AE85: 2023-08-28-18.43.56.776156
A86: 522636 | B86: UIW.7301 | C86: UP3.7314 | D86: ULP.31750 | E86: 11053208 | F86: ULP.31750 | G86: GD01.14039573 | H86: L-097 | I86: OPERATING | L86: 73GD0114039573 | M86: 3 | N86: SA15533071 | O86: MXINTADM | P86: 2020-08-01-00.56.35.260000 | Q86: 124.04204 | R86: 0.37694 | S86: TABILAA | T86: BOLAANG UKI | U86: BOLAANG MONGONDOW SELATAN | V86: 1 | W86: Umum | Z86: PLN | AA86: TIDAK ADA | AB86: 0 | AC86: Gardu Portal | AD86: 6070897494 | AE86: 2023-08-28-18.43.56.776156
A87: 522637 | B87: UIW.7301 | C87: UP3.7314 | D87: ULP.31750 | E87: 11053208 | F87: ULP.31750 | G87: GD01.14039574 | H87: L-098 | I87: OPERATING | L87: 73GD0114039574 | M87: 3 | N87: SA15533072 | O87: MXINTADM | P87: 2020-08-01-06.35.31.884000 | Q87: 124.04545 | R87: 0.37945 | S87: TABILAA | T87: BOLAANG UKI | U87: BOLAANG MONGONDOW SELATAN | V87: 1 | W87: Umum | Z87: PLN | AA87: TIDAK ADA | AB87: 0 | AC87: Gardu Portal | AD87: 6070897495 | AE87: 2023-08-28-18.43.56.776156
A88: 522653 | B88: UIW.7301 | C88: UP3.7314 | D88: ULP.31730 | E88: 11053199 | F88: ULP.31730 | G88: GD01.14039830 | H88: KMO 169 | I88: OPERATING | L88: 73GD0114039830 | M88: 3 | N88: SA15533328 | O88: MXINTADM | P88: 2020-08-25-19.01.19.203000 | Q88: 124.59332 | R88: 0.72650701 | S88: JLN. RATAHAN-KOTAMOBAGU | T88: TOGIT | U88: BOLAANG MONGONDOW TIMUR | V88: 1 | W88: Umum | Z88: PLN | AA88: TIDAK ADA | AB88: 0 | AC88: Gardu Cantol | AD88: 6070871466 | AE88: 2023-08-28-18.43.56.776156
A89: 522654 | B89: UIW.7301 | C89: UP3.7314 | D89: ULP.31730 | E89: 11053199 | F89: ULP.31730 | G89: GD01.14039837 | H89: KMO 176 | I89: OPERATING | L89: 73GD0114039837 | M89: 3 | N89: SA15533335 | O89: MXINTADM | P89: 2020-08-25-19.01.19.753000 | Q89: 124.61211 | R89: 0.75546998 | S89: JLN. RATAHAN-KOTAMOBAGU | T89: TUTUYAN | U89: BOLAANG MONGONDOW TIMUR | V89: 1 | W89: Umum | Z89: PLN | AA89: TIDAK ADA | AB89: 0 | AC89: Gardu Cantol | AD89: 6070871473 | AE89: 2023-08-28-18.43.56.776156
... A101: 522684 | B101: UIW.7301 | C101: UP3.7314 | D101: ULP.31750 | E101: 11053210 | F101: ULP.31750 | G101: GD01.14039377 | H101: L-115 | I101: OPERATING | L101: 73GD0114039377 | M101: 3 | N101: SA15532875 | O101: MXINTADM | P101: 2020-08-01-06.36.16.504000 | Q101: 124.11709 | R101: 0.39582 | S101: TOLOTOYON | T101: PINOLOSIAN | U101: BOLAANG MONGONDOW SELATAN | V101: 1 | W101: Umum | Z101: PLN | AA101: TIDAK ADA | AB101: 0 | AC101: Gardu Cantol | AD101: 6070897461 | AE101: 2023-08-28-18.43.56.776156
A102: 523260 | B102: UIW.7301 | C102: UP3.7314 | D102: ULP.31720 | E102: 11053136 | F102: ULP.31720 | G102: GD01.35587446 | H102: NP 031.1 | I102: OPERATING | L102: 73GD0135587446 | M102: 3 | N102: SA2745729 | O102: ZAKKI.MUBAROK | P102: 2021-09-20-14.28.48.101000 | Q102: 124.30586 | R102: 1.018524 | S102: POIGAR MINAHASA | T102: POIGAR MINAHASA | U102: MINAHASA SELATAN | V102: 1 | W102: Umum | Z102: PLN | AA102: TIDAK ADA | AC102: Gardu Portal | AD102: 6070826068 | AE102: 2023-08-28-18.43.56.776156
A103: 523261 | B103: UIW.7301 | C103: UP3.7314 | D103: ULP.31720 | E103: 11053136 | F103: ULP.31720 | G103: GD01.35673839 | H103: N 017.2 | I103: OPERATING | L103: 73GD0135673839 | M103: 3 | N103: SA46877716 | O103: ZAKKI.MUBAROK | P103: 2021-10-14-07.36.13.706000 | Q103: 124.18112 | R103: 0.944307 | S103: LOLAN | T103: LOLAN | U103: BOLAANG MONGONDOW INDUK | V103: 1 | W103: Umum | Z103: PLN | AA103: TIDAK ADA | AC103: Gardu Portal | AD103: 6070826113 | AE103: 2023-08-28-18.43.56.776156
A104: 523269 | B104: UIW.7301 | C104: UP3.7314 | D104: ULP.31760 | F104: ULP.31760 | G104: GD01.51320721 | H104: K-264.1 | I104: OPERATING | L104: 73GD0151320721 | M104: 3 | N104: SA2667884 | O104: ZAKKI.MUBAROK | P104: 2022-09-02-13.48.33.319000 | Q104: 124.2754 | R104: 0.6815 | S104: JL.RAYA DESA | T104: BOLAANG MONGONDOW | U104: KOTAMOBAGU | V104: 1 | W104: Umum | Z104: PLN | AA104: TIDAK ADA | AC104: Gardu Portal | AD104: 6285934090 | AE104: 2023-08-28-18.43.56.776156
A105: 523280 | B105: UIW.7301 | C105: UP3.7314 | D105: ULP.31710 | E105: 11053138 | F105: ULP.31710 | G105: GD01.54464688 | H105: M 36.1 | I105: OPERATING | L105: 73GD0154464688 | M105: 3 | N105: SA51988764 | O105: ZAKKI.MUBAROK | P105: 2022-03-08-12.41.20.099000 | Q105: 124.11906 | R105: 0.697311 | S105: BOLAANG MONGONDOW | T105: BOLAANG MONGONDOW | U105: BOLAANG MONGONDOW INDUK | W105: Campuran | Z105: PLN | AA105: TIDAK ADA | AC105: Gardu Cantol | AD105: 6070820614 | AE105: 2023-08-28-18.43.56.776156
A106: 523312 | B106: UIW.7301 | C106: UP3.7314 | D106: ULP.31730 | F106: ULP.31730 | G106: GD01.24407034 | H106: KMO 8.1 | I106: OPERATING | L106: 73GD0124407034 | M106: 3 | N106: SA30464296 | O106: MXINTADM | P106: 2021-04-26-19.10.08.533000 | Q106: 124.36318 | R106: 0.723419 | S106: JLN. RATAHAN-KOTAMOBAGU | T106: BANGUNAN WUWUK | U106: BOLAANG MONGONDOW TIMUR | W106: Umum | Z106: PLN | AA106: TIDAK ADA | AC106: Gardu Cantol | AD106: 6070872882 | AE106: 2023-08-28-18.43.56.776156
A107: 523347 | B107: UIW.7301 | C107: UP3.7314 | D107: ULP.31730 | E107: 11053199 | F107: ULP.31730 | G107: GD01.22185523 | H107: KMO 224 | I107: OPERATING | L107: 73GD0122185523 | M107: 3 | N107: SA26984130 | O107: MXINTADM | P107: 2020-08-25-19.01.18.454000 | Q107: 124.62735 | R107: 0.85486502 | S107: JLN. RATAHAN-KOTAMOBAGU | T107: BUKAKA | U107: BOLAANG MONGONDOW TIMUR | V107: 1 | W107: Umum | Z107: PLN | AA107: TIDAK ADA | AB107: 0 | AC107: Gardu Cantol | AD107: 6070872780 | AE107: 2023-08-28-18.43.56.776156
A108: 523348 | B108: UIW.7301 | C108: UP3.7314 | D108: ULP.31730 | E108: 11053199 | F108: ULP.31730 | G108: GD01.22185524 | H108: KMO 226 | I108: OPERATING | L108: 73GD0122185524 | M108: 3 | N108: SA26984131 | O108: MXINTADM | P108: 2020-09-24-17.48.53.329000 | Q108: 124.61631 | R108: 0.768177 | S108: JLN. RATAHAN-KOTAMOBAGU | T108: TUTUYAN | U108: BOLAANG MONGONDOW TIMUR | V108: 1 | W108: Khusus | Z108: PLN | AA108: TIDAK ADA | AB108: 0 | AC108: Gardu Portal | AD108: 6070872781 | AE108: 2023-08-28-18.43.56.776156
A109: 523600 | B109: UIW.7301 | C109: UP3.7314 | D109: ULP.31730 | E109: 11053199 | F109: ULP.31730 | G109: GD01.14039828 | H109: KMO 167 | I109: OPERATING | L109: 73GD0114039828 | M109: 3 | N109: SA15533326 | O109: MXINTADM | P109: 2020-08-25-19.01.19.082000 | Q109: 124.59159 | R109: 0.71679097 | S109: JLN. RATAHAN-KOTAMOBAGU | T109: DODAP | U109: BOLAANG MONGONDOW TIMUR | V109: 1 | W109: Umum | Z109: PLN | AA109: TIDAK ADA | AB109: 0 | AC109: Gardu Portal | AD109: 6070872600 | AE109: 2023-08-28-18.43.56.776156
A110: 523643 | B110: UIW.7301 | C110: UP3.7314 | D110: ULP.31730 | E110: 11053199 | F110: ULP.31730 | G110: GD01.14039852 | H110: KMO 191 | I110: OPERATING | L110: 73GD0114039852 | M110: 3 | N110: SA15533350 | O110: MXINTADM | P110: 2020-08-25-19.01.18.809000 | Q110: 124.61002 | R110: 0.76833898 | S110: JLN. RATAHAN-KOTAMOBAGU | T110: TUTUYAN | U110: BOLAANG MONGONDOW TIMUR | V110: 1 | W110: Umum | Z110: PLN | AA110: TIDAK ADA | AB110: 0 | AC110: Gardu Portal | AD110: 6070871488 | AE110: 2023-08-28-18.43.56.776156
A111: 523673 | B111: UIW.7301 | C111: UP3.7314 | D111: ULP.31750 | E111: 11053208 | F111: ULP.31750 | G111: GD01.14039361 | H111: L-092 | I111: OPERATING | L111: 73GD0114039361 | M111: 3 | N111: SA15532859 | O111: MXINTADM | P111: 2020-08-01-00.56.32.106000 | Q111: 124.00616 | R111: 0.38339 | S111: TOLONDADU | T111: BOLAANG UKI | U111: BOLAANG MONGONDOW SELATAN | V111: 1 | W111: Umum | Z111: PLN | AA111: TIDAK ADA | AB111: 0 | AC111: Gardu Portal | AD111: 6070897445 | AE111: 2023-08-28-18.43.56.776156
A112: 523674 | B112: UIW.7301 | C112: UP3.7314 | D112: ULP.31750 | E112: 11053210 | F112: ULP.31750 | G112: GD01.14039366 | H112: L-104 | I112: OPERATING | L112: 73GD0114039366 | M112: 3 | N112: SA15532864 | O112: MXINTADM | P112: 2020-08-01-06.31.58.880000 | Q112: 124.08578 | R112: 0.39148 | S112: LINAWAN | T112: PINOLOSIAN | U112: BOLAANG MONGONDOW SELATAN | V112: 1 | W112: Umum | Z112: PLN | AA112: TIDAK ADA | AB112: 0 | AC112: Gardu Cantol | AD112: 6070897450 | AE112: 2023-08-28-18.43.56.776156
A113: 523675 | B113: UIW.7301 | C113: UP3.7314 | D113: ULP.31750 | E113: 11053210 | F113: ULP.31750 | G113: GD01.14039368 | H113: L-106 | I113: OPERATING | L113: 73GD0114039368 | M113: 3 | N113: SA15532866 | O113: MXINTADM | P113: 2020-08-01-06.24.55.446000 | Q113: 124.09355 | R113: 0.39303 | S113: NUNUK | T113: PINOLOSIAN | U113: BOLAANG MONGONDOW SELATAN | V113: 1 | W113: Umum | Z113: PLN | AA113: TIDAK ADA | AB113: 0 | AC113: Gardu Cantol | AD113: 6070897452 | AE113: 2023-08-28-18.43.56.776156
A114: 523676 | B114: UIW.7301 | C114: UP3.7314 | D114: ULP.31750 | E114: 11053210 | F114: ULP.31750 | G114: GD01.14039391 | H114: L-129 | I114: OPERATING | L114: 73GD0114039391 | M114: 3 | N114: SA15532889 | O114: MXINTADM | P114: 2020-08-01-06.36.20.677000 | Q114: 124.2726 | R114: 0.42595 | S114: DEAGA | T114: PINOLOSIAN SELATAN | U114: BOLAANG MONGONDOW SELATAN | V114: 1 | W114: Umum | Z114: PLN | AA114: TIDAK ADA | AB114: 0 | AC114: Gardu Portal | AD114: 6070897474 | AE114: 2023-08-28-18.43.56.776156
A115: 523677 | B115: UIW.7301 | C115: UP3.7314 | D115: ULP.31750 | E115: 11053210 | F115: ULP.31750 | G115: GD01.14039396 | H115: L-134 | I115: OPERATING | L115: 73GD0114039396 | M115: 3 | N115: SA15532894 | O115: MXINTADM | P115: 2020-08-01-06.28.56.219000 | Q115: 124.31871 | R115: 0.449 | S115: MATANDOI | T115: PINOLOSIAN TIMUR | U115: BOLAANG MONGONDOW SELATAN | V115: 1 | W115: Umum | Z115: PLN | AA115: TIDAK ADA | AB115: 0 | AC115: Gardu Cantol | AD115: 6070897479 | AE115: 2023-08-28-18.43.56.776156
A116: 523678 | B116: UIW.7301 | C116: UP3.7314 | D116: ULP.31750 | E116: 11053210 | F116: ULP.31750 | G116: GD01.14039398 | H116: L-136 | I116: OPERATING | L116: 73GD0114039398 | M116: 3 | N116: SA15532896 | O116: MXINTADM | P116: 2020-08-01-06.37.41.690000 | Q116: 124.35441 | R116: 0.45406 | S116: DUMAGIN B | T116: PINOLOSIAN TIMUR | U116: BOLAANG MONGONDOW SELATAN | V116: 1 | W116: Umum | Z116: PLN | AA116: TIDAK ADA | AB116: 0 | AC116: Gardu Portal | AD116: 6070897481 | AE116: 2023-08-28-18.43.56.776156
A117: 523717 | B117: UIW.7301 | C117: UP3.7314 | D117: ULP.31750 | E117: 11053208 | F117: ULP.31750 | G117: GD01.14038948 | H117: L-007 | I117: OPERATING | L117: 73GD0114038948 | M117: 3 | N117: SA15532446 | O117: ZAKKI.MUBAROK | P117: 2020-10-16-09.37.48.276000 | Q117: 123.97186 | R117: 0.36367 | S117: JL. TRANS SULAWESI | T117: BOLAANG UKI | U117: BOLAANG MONGONDOW SELATAN | V117: 1 | W117: Umum | Z117: PLN | AA117: TIDAK ADA | AB117: 0 | AC117: Gardu Cantol | AD117: 6070897372 | AE117: 2023-08-28-18.43.56.776156
A118: 523718 | B118: UIW.7301 | C118: UP3.7314 | D118: ULP.31730 | E118: 11053194 | F118: ULP.31730 | G118: GD01.14039010 | H118: KMO 95 | I118: OPERATING | L118: 73GD0114039010 | M118: 3 | N118: SA15532508 | O118: MXINTADM | P118: 2020-08-25-19.00.04.226000 | Q118: 124.44313 | R118: 0.72338599 | S118: JLN. AMURANG KOTAMOBAGU | T118: TONDOK | U118: BOLAANG MONGONDOW TIMUR | V118: 1 | W118: Umum | Z118: PLN | AA118: TIDAK ADA | AB118: 0 | AC118: Gardu Cantol | AD118: 6070871345 | AE118: 2023-08-28-18.43.56.776156
... A125: 523725 | B125: UIW.7301 | C125: UP3.7314 | D125: ULP.31730 | E125: 11053199 | F125: ULP.31730 | G125: GD01.14039130 | H125: KMO 152 | I125: OPERATING | L125: 73GD0114039130 | M125: 3 | N125: SA15532628 | O125: MXINTADM | P125: 2020-08-01-06.35.39.907000 | Q125: 124.4061 | R125: 0.80327499 | S125: JLN. TRANS SULAWESI UTARA | T125: SINSINGON | U125: BOLAANG MONGONDOW INDUK | V125: 1 | W125: Umum | Z125: PLN | AA125: TIDAK ADA | AB125: 0 | AC125: Gardu Portal | AD125: 6070871459 | AE125: 2023-08-28-18.43.56.776156
A126: 524105 | B126: UIW.7301 | C126: UP3.7314 | D126: ULP.31760 | F126: ULP.31760 | G126: GD01.22415629 | H126: K-264.1 | I126: NOT READY | L126: 73GD0122415629 | M126: 2 | N126: SA2667884 | O126: MXINTADM | P126: 2021-04-26-19.10.16.152000 | Q126: 124.2754 | R126: 0.6815 | S126: JL.RAYA DESA | T126: BOLAANG MONGONDOW | U126: KOTAMOBAGU | V126: 1 | W126: Umum | Z126: PLN | AA126: TIDAK ADA | AC126: Gardu Portal | AD126: 6070899412 | AE126: 2023-08-28-18.43.56.776156
A127: 524106 | B127: UIW.7301 | C127: UP3.7314 | D127: ULP.31760 | E127: 11053153 | F127: ULP.31760 | G127: GD01.22417873 | H127: K-060.1 | I127: OPERATING | L127: 73GD0122417873 | M127: 3 | N127: SA2668185 | O127: MXINTADM | P127: 2021-04-26-19.10.16.207000 | Q127: 124.29932 | R127: 0.765808 | S127: BINTAU | T127: PASSI TIMUR | U127: KOTAMOBAGU | V127: 1 | W127: Umum | Z127: PLN | AA127: TIDAK ADA | AB127: PORTAL | AC127: Gardu Portal | AD127: 6070899416 | AE127: 2023-08-28-18.43.56.776156
A128: 524311 | B128: UIW.7301 | C128: UP3.7314 | D128: ULP.31760 | F128: ULP.31760 | G128: GD01.54215597 | H128: K-251.1 | I128: OPERATING | L128: 73GD0154215597 | M128: 3 | N128: SA51986129 | O128: ZAKKI.MUBAROK | P128: 2022-03-02-15.11.59.704000 | Q128: 124.30196 | R128: 0.702508 | S128: BUNGKO | T128: KOTAMOBAGU SELATAN | U128: KOTAMOBAGU | AD128: 6070914855 | AE128: 2023-08-28-18.43.56.776156
A129: 524340 | B129: UIW.7301 | C129: UP3.7314 | D129: ULP.31730 | E129: 11053199 | F129: ULP.31730 | G129: GD01.22185510 | H129: KMO 212 | I129: OPERATING | L129: 73GD0122185510 | M129: 3 | N129: SA26984117 | O129: MXINTADM | P129: 2020-08-25-19.01.18.072000 | Q129: 124.65797 | R129: 0.81321454 | S129: JLN. RATAHAN-KOTAMOBAGU | T129: BULAWAN | U129: BOLAANG MONGONDOW TIMUR | V129: 1 | W129: Umum | Z129: PLN | AA129: TIDAK ADA | AB129: 0 | AC129: Gardu Cantol | AD129: 6070872767 | AE129: 2023-08-28-18.43.56.776156
A130: 524341 | B130: UIW.7301 | C130: UP3.7314 | D130: ULP.31730 | E130: 11053199 | F130: ULP.31730 | G130: GD01.22185517 | H130: KMO 225 | I130: OPERATING | L130: 73GD0122185517 | M130: 3 | N130: SA26984124 | O130: MXINTADM | P130: 2020-09-24-17.49.19.276000 | Q130: 124.69333 | R130: 0.85508502 | S130: JLN. RATAHAN-KOTAMOBAGU | T130: BUYAT | U130: BOLAANG MONGONDOW TIMUR | V130: 1 | W130: Umum | Z130: PLN | AA130: TIDAK ADA | AB130: 0 | AC130: Gardu Cantol | AD130: 6070872774 | AE130: 2023-08-28-18.43.56.776156
A131: 524342 | B131: UIW.7301 | C131: UP3.7314 | D131: ULP.31730 | E131: 11053199 | F131: ULP.31730 | G131: GD01.22185519 | H131: KMO 220 | I131: OPERATING | L131: 73GD0122185519 | M131: 3 | N131: SA26984126 | O131: MXINTADM | P131: 2020-09-24-17.49.19.391000 | Q131: 124.68886 | R131: 0.85819399 | S131: JLN. RATAHAN-KOTAMOBAGU | T131: BUYAT | U131: BOLAANG MONGONDOW TIMUR | V131: 1 | W131: Umum | Z131: PLN | AA131: TIDAK ADA | AB131: 0 | AC131: Gardu Cantol | AD131: 6070872776 | AE131: 2023-08-28-18.43.56.776156
A132: 524642 | B132: UIW.7301 | C132: UP3.7314 | D132: ULP.31730 | E132: 11053198 | F132: ULP.31730 | G132: GD01.14040078 | H132: KMO 18 | I132: OPERATING | L132: 73GD0114040078 | M132: 3 | N132: SA15533576 | O132: MXINTADM | P132: 2020-08-25-19.01.06.493000 | Q132: 124.37621 | R132: 0.713736 | S132: JLN. RATAHAN-KOTAMOBAGU | T132: BONGKUDAI | U132: BOLAANG MONGONDOW TIMUR | V132: 1 | W132: Umum | Z132: PLN | AA132: TIDAK ADA | AB132: 0 | AC132: Gardu Portal | AD132: 6070872601 | AE132: 2023-08-28-18.43.56.776156
A133: 524643 | B133: UIW.7301 | C133: UP3.7314 | D133: ULP.31730 | E133: 11053199 | F133: ULP.31730 | G133: GD01.14040088 | H133: KMO 194 | I133: OPERATING | L133: 73GD0114040088 | M133: 3 | N133: SA15533586 | O133: MXINTADM | P133: 2020-08-25-19.01.19.154000 | Q133: 124.61588 | R133: 0.76833701 | S133: JLN. RATAHAN-KOTAMOBAGU | T133: TUTUYAN | U133: BOLAANG MONGONDOW TIMUR | V133: 1 | W133: Khusus | Z133: PLN | AA133: TIDAK ADA | AB133: 0 | AC133: Gardu Cantol | AD133: 6070872602 | AE133: 2023-08-28-18.43.56.776156
A134: 524684 | B134: UIW.7301 | C134: UP3.7314 | D134: ULP.31730 | E134: 11053198 | F134: ULP.31730 | G134: GD01.14040071 | H134: KMO 11 | I134: OPERATING | L134: 73GD0114040071 | M134: 3 | N134: SA15533569 | O134: MXINTADM | P134: 2020-08-25-19.01.06.861000 | Q134: 124.3689 | R134: 0.71701503 | S134: JLN. RATAHAN-KOTAMOBAGU | T134: BONGKUDAI | U134: BOLAANG MONGONDOW TIMUR | V134: 1 | W134: Umum | Z134: PLN | AA134: TIDAK ADA | AB134: 0 | AC134: Gardu Cantol | AD134: 6070871501 | AE134: 2023-08-28-18.43.56.776156
A135: 524685 | B135: UIW.7301 | C135: UP3.7314 | D135: ULP.31730 | E135: 11053198 | F135: ULP.31730 | G135: GD01.14040076 | H135: KMO 16 | I135: OPERATING | L135: 73GD0114040076 | M135: 3 | N135: SA15533574 | O135: MXINTADM | P135: 2020-08-25-19.01.06.688000 | Q135: 124.37437 | R135: 0.71504003 | S135: JLN. RATAHAN-KOTAMOBAGU | T135: BONGKUDAI | U135: BOLAANG MONGONDOW TIMUR | V135: 1 | W135: Umum | Z135: PLN | AA135: TIDAK ADA | AB135: 0 | AC135: Gardu Cantol | AD135: 6070871506 | AE135: 2023-08-28-18.43.56.776156
A136: 524687 | B136: UIW.7301 | C136: UP3.7314 | D136: ULP.31730 | E136: 11053199 | F136: ULP.31730 | G136: GD01.14040086 | H136: KMO 195 | I136: OPERATING | L136: 73GD0114040086 | M136: 3 | N136: SA15533584 | O136: MXINTADM | P136: 2020-08-25-19.01.19.179000 | Q136: 124.61867 | R136: 0.77471602 | S136: JLN. RATAHAN-KOTAMOBAGU | T136: TOMBOLIKAT | U136: BOLAANG MONGONDOW TIMUR | V136: 1 | W136: Umum | Z136: PLN | AA136: TIDAK ADA | AB136: 0 | AC136: Gardu Cantol | AD136: 6070871512 | AE136: 2023-08-28-18.43.56.776156
A137: 524744 | B137: UIW.7301 | C137: UP3.7314 | D137: ULP.31730 | E137: 11053197 | F137: ULP.31730 | G137: GD01.14039023 | H137: KMO 34 | I137: OPERATING | L137: 73GD0114039023 | M137: 3 | N137: SA15532521 | O137: MXINTADM | P137: 2020-08-25-19.00.34.476000 | Q137: 124.4082 | R137: 0.69990999 | S137: JLN. RATAHAN-KOTAMOBAGU | T137: TOBONGON | U137: BOLAANG MONGONDOW TIMUR | V137: 1 | W137: Khusus | Z137: PLN | AA137: TIDAK ADA | AB137: 0 | AC137: Gardu Cantol | AD137: 6070871358 | AE137: 2023-08-28-18.43.56.776156
A138: 524745 | B138: UIW.7301 | C138: UP3.7314 | D138: ULP.31730 | E138: 11053197 | F138: ULP.31730 | G138: GD01.14039024 | H138: KMO 35 | I138: OPERATING | L138: 73GD0114039024 | M138: 3 | N138: SA15532522 | O138: MXINTADM | P138: 2020-08-25-19.00.35.469000 | Q138: 124.40705 | R138: 0.69179201 | S138: JLN. RATAHAN-KOTAMOBAGU | T138: TOBONGON | U138: BOLAANG MONGONDOW TIMUR | V138: 1 | W138: Umum | Z138: PLN | AA138: TIDAK ADA | AB138: 0 | AC138: Gardu Cantol | AD138: 6070871359 | AE138: 2023-08-28-18.43.56.776156
A139: 524746 | B139: UIW.7301 | C139: UP3.7314 | D139: ULP.31730 | E139: 11053197 | F139: ULP.31730 | G139: GD01.14039050 | H139: KMO 61 | I139: OPERATING | L139: 73GD0114039050 | M139: 3 | N139: SA15532548 | O139: MXINTADM | P139: 2020-08-25-19.00.34.567000 | Q139: 124.52526 | R139: 0.59360999 | S139: JLN. TRANS LINGKAR SELATAN | T139: NUANGAN | U139: BOLAANG MONGONDOW TIMUR | V139: 1 | W139: Umum | Z139: PLN | AA139: TIDAK ADA | AB139: 0 | AC139: Gardu Cantol | AD139: 6070871383 | AE139: 2023-08-28-18.43.56.776156
A140: 524747 | B140: UIW.7301 | C140: UP3.7314 | D140: ULP.31730 | E140: 11053197 | F140: ULP.31730 | G140: GD01.14039057 | H140: KMO 68 | I140: OPERATING | L140: 73GD0114039057 | M140: 3 | N140: SA15532555 | O140: MXINTADM | P140: 2020-08-25-19.00.34.690000 | Q140: 124.48885 | R140: 0.55032402 | S140: JLN. TRANS LINGKAR SELATAN | T140: MATABULU | U140: BOLAANG MONGONDOW TIMUR | V140: 1 | W140: Khusus | Z140: PLN | AA140: TIDAK ADA | AB140: 0 | AC140: Gardu Portal | AD140: 6070871390 | AE140: 2023-08-28-18.43.56.776156
... A179: 526861 | B179: UIW.7301 | C179: UP3.7314 | D179: ULP.31750 | E179: 11053210 | F179: ULP.31750 | G179: GD01.14039390 | H179: L-128 | I179: OPERATING | L179: 73GD0114039390 | M179: 3 | N179: SA15532888 | O179: MXINTADM | P179: 2020-08-01-06.32.01.018000 | Q179: 124.2641 | R179: 0.43027 | S179: TOROSIK | T179: PINOLOSIAN SELATAN | U179: BOLAANG MONGONDOW SELATAN | V179: 1 | W179: Umum | Z179: PLN | AA179: TIDAK ADA | AB179: 0 | AC179: Gardu Portal | AD179: 6070897473 | AE179: 2023-08-28-18.43.56.776156
A180: 527430 | B180: UIW.7301 | C180: UP3.7314 | D180: ULP.31730 | E180: 11053199 | F180: ULP.31730 | G180: GD01.45544070 | H180: KMO 206.1 | I180: OPERATING | L180: 73GD0145544070 | M180: 3 | N180: SA51769763 | O180: ZAKKI.MUBAROK | P180: 2021-11-01-15.03.07.467000 | Q180: 124.64428 | R180: 0.80058 | S180: JLN. RATAHAN-KOTAMOBAGU | T180: PARET | U180: BOLAANG MONGONDOW TIMUR | V180: 1 | W180: Umum | Z180: PLN | AA180: TIDAK ADA | AC180: Gardu Portal | AD180: 6070872979 | AE180: 2023-08-28-18.43.56.776156
A181: 527488 | B181: UIW.7301 | C181: UP3.7314 | D181: ULP.31740 | E181: 11053186 | F181: ULP.31740 | G181: GD01.24396035 | H181: BB 143.1 | I181: OPERATING | L181: 73GD0124396035 | M181: 3 | N181: SA2700057 | O181: ZAKKI.MUBAROK | P181: 2022-03-15-15.04.01.415000 | Q181: 123.26336 | R181: 0.89482 | T181: BIGO SELATAN | U181: BOLAANG MONGONDOW UTARA | V181: 1 | W181: Umum | Z181: PLN | AA181: TIDAK ADA | AC181: Gardu Portal | AD181: 6070887176 | AE181: 2023-08-28-18.43.56.776156
A182: 527761 | B182: UIW.7301 | C182: UP3.7314 | D182: ULP.31730 | E182: 11053194 | F182: ULP.31730 | G182: GD01.14039084 | H182: KMO 106 | I182: OPERATING | L182: 73GD0114039084 | M182: 3 | N182: SA15532582 | O182: MXINTADM | P182: 2020-08-25-19.00.04.853000 | Q182: 124.44791 | R182: 0.76931697 | S182: JLN. AMURANG KOTAMOBAGU | T182: GUAAN | U182: BOLAANG MONGONDOW TIMUR | V182: 1 | W182: Umum | Z182: PLN | AA182: TIDAK ADA | AB182: 0 | AC182: Gardu Cantol | AD182: 6070872597 | AE182: 2023-08-28-18.43.56.776156
A183: 527762 | B183: UIW.7301 | C183: UP3.7314 | D183: ULP.31730 | E183: 11053154 | F183: ULP.31730 | G183: GD01.14039127 | H183: KMO 149 | I183: OPERATING | L183: 73GD0114039127 | M183: 3 | N183: SA15532625 | O183: MXINTADM | P183: 2020-08-25-19.00.29.957000 | Q183: 124.41209 | R183: 0.80589002 | S183: JLN. AMURANG KOTAMOBAGU | T183: SINSINGON | U183: BOLAANG MONGONDOW INDUK | V183: 1 | W183: Umum | Z183: PLN | AA183: TIDAK ADA | AB183: 0 | AC183: Gardu Portal | AD183: 6070872599 | AE183: 2023-08-28-18.43.56.776156
A184: 527765 | B184: UIW.7301 | C184: UP3.7314 | D184: ULP.31750 | E184: 11053210 | F184: ULP.31750 | G184: GD01.14039388 | H184: L-126.1 | I184: OPERATING | L184: 73GD0114039388 | M184: 3 | N184: SA15532886 | O184: MXINTADM | P184: 2020-08-01-06.37.37.123000 | Q184: 124.26088 | R184: 0.443958 | S184: ADOW | T184: PINOLOSIAN SELATAN | U184: BOLAANG MONGONDOW SELATAN | V184: 1 | W184: Umum | Z184: PLN | AA184: TIDAK ADA | AB184: 0 | AC184: Gardu Cantol | AD184: 6070899278 | AE184: 2023-08-28-18.43.56.776156
A185: 527851 | B185: UIW.7301 | C185: UP3.7314 | D185: ULP.31750 | E185: 11053208 | F185: ULP.31750 | G185: GD01.14039572 | H185: L-096 | I185: OPERATING | L185: 73GD0114039572 | M185: 3 | N185: SA15533070 | O185: MXINTADM | P185: 2020-08-01-06.39.20.955000 | Q185: 124.03417 | R185: 0.37442 | S185: TABILAA | T185: BOLAANG UKI | U185: BOLAANG MONGONDOW SELATAN | V185: 1 | W185: Umum | Z185: PLN | AA185: TIDAK ADA | AB185: 0 | AC185: Gardu Portal | AD185: 6070897493 | AE185: 2023-08-28-18.43.56.776156
A186: 527852 | B186: UIW.7301 | C186: UP3.7314 | D186: ULP.31750 | E186: 11053208 | F186: ULP.31750 | G186: GD01.14039575 | H186: L-099 | I186: OPERATING | L186: 73GD0114039575 | M186: 3 | N186: SA15533073 | O186: MXINTADM | P186: 2020-08-01-06.35.31.028000 | Q186: 124.04826 | R186: 0.38208 | S186: TABILAA | T186: BOLAANG UKI | U186: BOLAANG MONGONDOW SELATAN | V186: 1 | W186: Umum | Z186: PLN | AA186: TIDAK ADA | AB186: 0 | AC186: Gardu Portal | AD186: 6070897496 | AE186: 2023-08-28-18.43.56.776156
A187: 527868 | B187: UIW.7301 | C187: UP3.7314 | D187: ULP.31730 | E187: 11053199 | F187: ULP.31730 | G187: GD01.14039831 | H187: KMO 170 | I187: OPERATING | L187: 73GD0114039831 | M187: 3 | N187: SA15533329 | O187: MXINTADM | P187: 2020-08-25-19.01.19.292000 | Q187: 124.60181 | R187: 0.73967498 | S187: JLN. RATAHAN-KOTAMOBAGU | T187: TOGIT | U187: BOLAANG MONGONDOW TIMUR | V187: 1 | W187: Umum | Z187: PLN | AA187: TIDAK ADA | AB187: 0 | AC187: Gardu Cantol | AD187: 6070871467 | AE187: 2023-08-28-18.43.56.776156
A188: 527869 | B188: UIW.7301 | C188: UP3.7314 | D188: ULP.31730 | E188: 11053199 | F188: ULP.31730 | G188: GD01.14039836 | H188: KMO 175 | I188: OPERATING | L188: 73GD0114039836 | M188: 3 | N188: SA15533334 | O188: MXINTADM | P188: 2020-08-25-19.01.19.341000 | Q188: 124.61129 | R188: 0.75263601 | S188: JLN. RATAHAN-KOTAMOBAGU | T188: TUTUYAN | U188: BOLAANG MONGONDOW TIMUR | V188: 1 | W188: Umum | Z188: PLN | AA188: TIDAK ADA | AB188: 0 | AC188: Gardu Cantol | AD188: 6070871472 | AE188: 2023-08-28-18.43.56.776156
A189: 527870 | B189: UIW.7301 | C189: UP3.7314 | D189: ULP.31730 | E189: 11053199 | F189: ULP.31730 | G189: GD01.14039838 | H189: KMO 177 | I189: OPERATING | L189: 73GD0114039838 | M189: 3 | N189: SA15533336 | O189: MXINTADM | P189: 2020-08-25-19.01.19.700000 | Q189: 124.61536 | R189: 0.75558799 | S189: JLN. RATAHAN-KOTAMOBAGU | T189: TUTUYAN | U189: BOLAANG MONGONDOW TIMUR | V189: 1 | W189: Umum | Z189: PLN | AA189: TIDAK ADA | AB189: 0 | AC189: Gardu Cantol | AD189: 6070871474 | AE189: 2023-08-28-18.43.56.776156
A190: 527871 | B190: UIW.7301 | C190: UP3.7314 | D190: ULP.31730 | E190: 11053199 | F190: ULP.31730 | G190: GD01.14039842 | H190: KMO 181 | I190: OPERATING | L190: 73GD0114039842 | M190: 3 | N190: SA15533340 | O190: MXINTADM | P190: 2020-08-25-19.01.19.820000 | Q190: 124.61087 | R190: 0.757442 | S190: JLN. RATAHAN-KOTAMOBAGU | T190: TUTUYAN | U190: BOLAANG MONGONDOW TIMUR | V190: 1 | W190: Umum | Z190: PLN | AA190: TIDAK ADA | AB190: 0 | AC190: Gardu Cantol | AD190: 6070871478 | AE190: 2023-08-28-18.43.56.776156
A191: 527872 | B191: UIW.7301 | C191: UP3.7314 | D191: ULP.31730 | E191: 11053199 | F191: ULP.31730 | G191: GD01.14039845 | H191: KMO 184 | I191: OPERATING | L191: 73GD0114039845 | M191: 3 | N191: SA15533343 | O191: MXINTADM | P191: 2020-08-25-19.01.18.754000 | Q191: 124.61018 | R191: 0.75363803 | S191: JLN. RATAHAN-KOTAMOBAGU | T191: TUTUYAN | U191: BOLAANG MONGONDOW TIMUR | V191: 1 | W191: Umum | Z191: PLN | AA191: TIDAK ADA | AB191: 0 | AC191: Gardu Portal | AD191: 6070871481 | AE191: 2023-08-28-18.43.56.776156
A192: 527883 | B192: UIW.7301 | C192: UP3.7314 | D192: ULP.31730 | E192: 11053194 | F192: ULP.31730 | G192: GD01.14039000 | H192: KMO 85 | I192: OPERATING | L192: 73GD0114039000 | M192: 3 | N192: SA15532498 | O192: MXINTADM | P192: 2020-08-25-19.00.04.104000 | Q192: 124.39379 | R192: 0.72025502 | S192: JLN. AMURANG KOTAMOBAGU | T192: LIBERIA | U192: BOLAANG MONGONDOW TIMUR | V192: 1 | W192: Umum | Z192: PLN | AA192: TIDAK ADA | AB192: 0 | AC192: Gardu Cantol | AD192: 6070871334 | AE192: 2023-08-28-18.43.56.776156
A193: 527884 | B193: UIW.7301 | C193: UP3.7314 | D193: ULP.31730 | E193: 11053194 | F193: ULP.31730 | G193: GD01.14039007 | H193: KMO 92 | I193: OPERATING | L193: 73GD0114039007 | M193: 3 | N193: SA15532505 | O193: MXINTADM | P193: 2020-08-25-19.00.04.285000 | Q193: 124.39748 | R193: 0.71263897 | S193: JLN. AMURANG KOTAMOBAGU | T193: PURWOREJO | U193: BOLAANG MONGONDOW TIMUR | V193: 1 | W193: Umum | Z193: PLN | AA193: TIDAK ADA | AB193: 0 | AC193: Gardu Portal | AD193: 6070871342 | AE193: 2023-08-28-18.43.56.776156
... A204: 527904 | B204: UIW.7301 | C204: UP3.7314 | D204: ULP.31750 | E204: 11053210 | F204: ULP.31750 | G204: GD01.14039386 | H204: L-125 | I204: OPERATING | L204: 73GD0114039386 | M204: 3 | N204: SA15532884 | O204: MXINTADM | P204: 2020-08-01-06.27.16.908000 | Q204: 124.25003 | R204: 0.41899 | S204: ADOW | T204: PINOLOSIAN SELATAN | U204: BOLAANG MONGONDOW SELATAN | V204: 1 | W204: Khusus | Z204: NON PLN | AA204: TIDAK ADA | AB204: 0 | AC204: Gardu Cantol | AD204: 6070897470 | AE204: 2023-08-28-18.43.56.776156
A205: 528471 | B205: UIW.7301 | C205: UP3.7314 | D205: ULP.31750 | E205: 11053208 | F205: ULP.31750 | G205: GD01.60697272 | H205: L-084.1 | I205: OPERATING | L205: 73GD0160697272 | M205: 3 | N205: SA70930231 | O205: ZAKKI.MUBAROK | P205: 2023-03-10-15.36.13.923000 | Q205: 123.9974 | R205: 0.37761 | S205: SONDANA | T205: BOLAANG UKI | U205: BOLAANG MONGONDOW SELATAN | W205: Umum | Z205: PLN | AA205: TIDAK ADA | AC205: Gardu Portal | AD205: 7005880529 | AE205: 2023-08-28-18.43.56.776156
A206: 528507 | B206: UIW.7301 | C206: UP3.7314 | D206: ULP.31730 | E206: 11053199 | F206: ULP.31730 | G206: GD01.22185509 | H206: KMO 211 | I206: OPERATING | L206: 73GD0122185509 | M206: 3 | N206: SA26984116 | O206: MXINTADM | P206: 2020-08-25-19.01.18.051000 | Q206: 124.659 | R206: 0.81081611 | S206: JLN. RATAHAN-KOTAMOBAGU | T206: BULAWAN | U206: BOLAANG MONGONDOW TIMUR | V206: 1 | W206: Umum | Z206: PLN | AA206: TIDAK ADA | AB206: 0 | AC206: Gardu Cantol | AD206: 6070872766 | AE206: 2023-08-28-18.43.56.776156
A207: 528533 | B207: UIW.7301 | C207: UP3.7314 | D207: ULP.31730 | F207: ULP.31730 | G207: GD01.23624635 | H207: KMO 3.1 | I207: OPERATING | L207: 73GD0123624635 | M207: 3 | N207: SA29691528 | O207: MXINTADM | P207: 2021-04-26-19.10.08.487000 | Q207: 124.35896 | R207: 0.730542 | S207: JLN. RATAHAN-KOTAMOBAGU | T207: MOYONGKOTA | U207: BOLAANG MONGONDOW TIMUR | W207: Umum | Z207: PLN | AA207: TIDAK ADA | AC207: Gardu Cantol | AD207: 6070872881 | AE207: 2023-08-28-18.43.56.776156
A208: 528570 | B208: UIW.7301 | C208: UP3.7314 | D208: ULP.31730 | E208: 11053199 | F208: ULP.31730 | G208: GD01.22185507 | H208: KMO 209 | I208: OPERATING | L208: 73GD0122185507 | M208: 3 | N208: SA26984114 | O208: MXINTADM | P208: 2020-08-25-19.01.18.005000 | Q208: 124.65782 | R208: 0.80950701 | S208: JLN. RATAHAN-KOTAMOBAGU | T208: KOTABUNAN | U208: BOLAANG MONGONDOW TIMUR | V208: 1 | W208: Umum | Z208: PLN | AA208: TIDAK ADA | AB208: 0 | AC208: Gardu Portal | AD208: 6070872764 | AE208: 2023-08-28-18.43.56.776156
A209: 528860 | B209: UIW.7301 | C209: UP3.7314 | D209: ULP.31730 | E209: 11053198 | F209: ULP.31730 | G209: GD01.14040061 | H209: KMO 1 | I209: OPERATING | L209: 73GD0114040061 | M209: 3 | N209: SA15533559 | O209: MXINTADM | P209: 2020-08-25-19.01.06.958000 | Q209: 124.35218 | R209: 0.73235899 | S209: JLN. RATAHAN-KOTAMOBAGU | T209: MOYONGKOTA | U209: BOLAANG MONGONDOW TIMUR | V209: 1 | W209: Umum | Z209: PLN | AA209: TIDAK ADA | AB209: 0 | AC209: Gardu Cantol | AD209: 6070871491 | AE209: 2023-08-28-18.43.56.776156
A210: 528861 | B210: UIW.7301 | C210: UP3.7314 | D210: ULP.31730 | E210: 11053198 | F210: ULP.31730 | G210: GD01.14040066 | H210: KMO 6 | I210: OPERATING | L210: 73GD0114040066 | M210: 3 | N210: SA15533564 | O210: MXINTADM | P210: 2020-08-25-19.01.06.838000 | Q210: 124.35828 | R210: 0.72517902 | S210: JLN. RATAHAN-KOTAMOBAGU | T210: BANGUNAN WUWUK | U210: BOLAANG MONGONDOW TIMUR | V210: 1 | W210: Umum | Z210: PLN | AA210: TIDAK ADA | AB210: 0 | AC210: Gardu Cantol | AD210: 6070871496 | AE210: 2023-08-28-18.43.56.776156
A211: 528862 | B211: UIW.7301 | C211: UP3.7314 | D211: ULP.31730 | E211: 11053198 | F211: ULP.31730 | G211: GD01.14040068 | H211: KMO 8 | I211: OPERATING | L211: 73GD0114040068 | M211: 3 | N211: SA15533566 | O211: MXINTADM | P211: 2020-08-25-19.01.06.982000 | Q211: 124.36023 | R211: 0.72327602 | S211: JLN. RATAHAN-KOTAMOBAGU | T211: BANGUNAN WUWUK | U211: BOLAANG MONGONDOW TIMUR | V211: 1 | W211: Umum | Z211: PLN | AA211: TIDAK ADA | AB211: 0 | AC211: Gardu Cantol | AD211: 6070871498 | AE211: 2023-08-28-18.43.56.776156
A212: 528922 | B212: UIW.7301 | C212: UP3.7314 | D212: ULP.31730 | E212: 11053197 | F212: ULP.31730 | G212: GD01.14039047 | H212: KMO 58 | I212: OPERATING | L212: 73GD0114039047 | M212: 3 | N212: SA15532545 | O212: MXINTADM | P212: 2020-08-25-19.00.34.924000 | Q212: 124.52052 | R212: 0.59910202 | S212: JLN. TRANS LINGKAR SELATAN | T212: NUANGAN | U212: BOLAANG MONGONDOW TIMUR | V212: 1 | W212: Umum | Z212: PLN | AA212: TIDAK ADA | AB212: 0 | AC212: Gardu Portal | AD212: 6070871380 | AE212: 2023-08-28-18.43.56.776156
A213: 528923 | B213: UIW.7301 | C213: UP3.7314 | D213: ULP.31730 | E213: 11053197 | F213: ULP.31730 | G213: GD01.14039049 | H213: KMO 60 | I213: OPERATING | L213: 73GD0114039049 | M213: 3 | N213: SA15532547 | O213: MXINTADM | P213: 2020-08-25-19.00.35.640000 | Q213: 124.52316 | R213: 0.594347 | S213: JLN. TRANS LINGKAR SELATAN | T213: NUANGAN | U213: BOLAANG MONGONDOW TIMUR | V213: 1 | W213: Umum | Z213: PLN | AA213: TIDAK ADA | AB213: 0 | AC213: Gardu Cantol | AD213: 6070871382 | AE213: 2023-08-28-18.43.56.776156
A214: 528924 | B214: UIW.7301 | C214: UP3.7314 | D214: ULP.31730 | E214: 11053194 | F214: ULP.31730 | G214: GD01.14039113 | H214: KMO 135 | I214: OPERATING | L214: 73GD0114039113 | M214: 3 | N214: SA15532611 | O214: MXINTADM | P214: 2020-08-25-19.00.05.890000 | Q214: 124.43427 | R214: 0.806126 | S214: JLN. AMURANG KOTAMOBAGU | T214: PALELON | U214: MINAHASA SELATAN | V214: 1 | W214: Khusus | Z214: PLN | AA214: TIDAK ADA | AB214: 0 | AC214: Gardu Cantol | AD214: 6070871443 | AE214: 2023-08-28-18.43.56.776156
A215: 528925 | B215: UIW.7301 | C215: UP3.7314 | D215: ULP.31730 | E215: 11053194 | F215: ULP.31730 | G215: GD01.14039114 | H215: KMO 136 | I215: OPERATING | L215: 73GD0114039114 | M215: 3 | N215: SA15532612 | O215: MXINTADM | P215: 2020-08-25-19.00.04.964000 | Q215: 124.43258 | R215: 0.809021 | S215: JLN. AMURANG KOTAMOBAGU | T215: WULURMAATUS | U215: MINAHASA SELATAN | V215: 1 | W215: Umum | Z215: PLN | AA215: TIDAK ADA | AB215: 0 | AC215: Gardu Cantol | AD215: 6070871444 | AE215: 2023-08-28-18.43.56.776156
A216: 528979 | B216: UIW.7301 | C216: UP3.7314 | D216: ULP.31730 | E216: 11053199 | F216: ULP.31730 | G216: GD01.14038992 | H216: KMO 159 | I216: OPERATING | L216: 73GD0114038992 | M216: 3 | N216: SA15532490 | O216: MXINTADM | P216: 2020-08-25-19.01.19.628000 | Q216: 124.5643 | R216: 0.68111599 | S216: JLN. RATAHAN-KOTAMOBAGU | T216: MOTONGKAT | U216: BOLAANG MONGONDOW TIMUR | V216: 1 | W216: Umum | Z216: PLN | AA216: TIDAK ADA | AB216: 0 | AC216: Gardu Portal | AD216: 6070871327 | AE216: 2023-08-28-18.43.56.776156
A217: 528980 | B217: UIW.7301 | C217: UP3.7314 | D217: ULP.31730 | E217: 11053199 | F217: ULP.31730 | G217: GD01.14038995 | H217: KMO 162 | I217: OPERATING | L217: 73GD0114038995 | M217: 3 | N217: SA15532493 | O217: MXINTADM | P217: 2020-08-25-19.01.18.523000 | Q217: 124.58832 | R217: 0.71288598 | S217: JLN. RATAHAN-KOTAMOBAGU | T217: DODAP | U217: BOLAANG MONGONDOW TIMUR | V217: 1 | W217: Khusus | Z217: PLN | AA217: TIDAK ADA | AB217: 0 | AC217: Gardu Cantol | AD217: 6070871330 | AE217: 2023-08-28-18.43.56.776156
A218: 528981 | B218: UIW.7301 | C218: UP3.7314 | D218: ULP.31730 | E218: 11053197 | F218: ULP.31730 | G218: GD01.14039033 | H218: KMO 44 | I218: OPERATING | L218: 73GD0114039033 | M218: 3 | N218: SA15532531 | O218: MXINTADM | P218: 2020-08-25-19.00.35.785000 | Q218: 124.471 | R218: 0.66051 | S218: JLN. RATAHAN-KOTAMOBAGU | T218: LANUD | U218: BOLAANG MONGONDOW TIMUR | V218: 1 | W218: Umum | Z218: PLN | AA218: TIDAK ADA | AB218: 0 | AC218: Gardu Portal | AD218: 6070871367 | AE218: 2023-08-28-18.43.56.776156
A219: 528982 | B219: UIW.7301 | C219: UP3.7314 | D219: ULP.31730 | E219: 11053197 | F219: ULP.31730 | G219: GD01.14039034 | H219: KMO 45 | I219: OPERATING | L219: 73GD0114039034 | M219: 3 | N219: SA15532532 | O219: MXINTADM | P219: 2020-08-25-19.00.34.789000 | Q219: 124.48568 | R219: 0.64653897 | S219: JLN. RATAHAN-KOTAMOBAGU | T219: BUYANDI | U219: BOLAANG MONGONDOW TIMUR | V219: 1 | W219: Umum | Z219: PLN | AA219: TIDAK ADA | AB219: 0 | AC219: Gardu Cantol | AD219: 6070871368 | AE219: 2023-08-28-18.43.56.776156
... A223: 529546 | B223: UIW.7301 | C223: UP3.7314 | D223: ULP.31730 | E223: 11053199 | F223: ULP.31730 | G223: GD01.22185518 | H223: KMO 219 | I223: OPERATING | L223: 73GD0122185518 | M223: 3 | N223: SA26984125 | O223: MXINTADM | P223: 2020-09-24-17.48.53.248000 | Q223: 124.69306 | R223: 0.85600102 | S223: JLN. RATAHAN-KOTAMOBAGU | T223: BUYAT | U223: BOLAANG MONGONDOW TIMUR | V223: 1 | W223: Umum | Z223: PLN | AA223: TIDAK ADA | AB223: 0 | AC223: Gardu Portal | AD223: 6070872775 | AE223: 2023-08-28-18.43.56.776156
A224: 529573 | B224: UIW.7301 | C224: UP3.7314 | D224: ULP.31740 | E224: 11053185 | F224: ULP.31740 | G224: GD01.35566572 | H224: BB 155.1 | I224: OPERATING | L224: 73GD0135566572 | M224: 3 | N224: SA2744683 | O224: ZAKKI.MUBAROK | P224: 2021-09-15-07.09.37.801000 | Q224: 123.24411 | R224: 0.9553 | S224: TANJUNG DULANG | T224: TANJUNG DULANG | U224: BOLAANG MONGONDOW UTARA | V224: 1 | W224: Umum | Z224: PLN | AA224: TIDAK ADA | AC224: Gardu Portal | AD224: 6070887292 | AE224: 2023-08-28-18.43.56.776156
...

Sheet CEK INFO DETAIL
A1: PERCEPATAN LAYANAN PB PD ONDESK | I1: BIGO SELATAN | J1: BOLAANG MONGONDOW UTARA | K1: BB 143.1 | L1: 0.89482 | M1: 123.26336
A2: CEK BAGIAN TEKNIS | I2: BUYAT | J2: BOLAANG MONGONDOW TIMUR | K2: KMO 215 | L2: 0.85049599 | M2: 124.68857
A3: CEK KORIDINAT | I3: BUYAT | J3: BOLAANG MONGONDOW TIMUR | K3: KMO 216 | L3: 0.85150701 | M3: 124.68964
A4: X | B4: Y | C4: NAMA PERMOHONAN PELANGGAN | D4: NO AGENDA | F4: DAYA | G4: FASA | I4: BONGKUDAI | J4: BOLAANG MONGONDOW TIMUR | K4: KMO 12 | L4: 0.71572 | M4: 124.37167
A5: 0.7429 | B5: 124.31199 | C5: IBRAHIM MIDU | D5: 317100512510082477 | F5: 1300 | G5: =VLOOKUP(F5,'DATA MATERIAL TEL TEK'!$C:$D,2,0) -> 1 FASA | I5: BONGKUDAI | J5: BOLAANG MONGONDOW TIMUR | K5: KMO 15 | L5: 0.71509397 | M5: 124.37309
A6: MONITORING GARDU 20 KV | F6: SATUAN | G6: KETERANGAN | H6: PIC | I6: TOMBOLIKAT | J6: BOLAANG MONGONDOW TIMUR | K6: KMO 196 | L6: 0.77558601 | M6: 124.61767
A7: gardu terdetkat | B7: =LOOKUP(1,1/FREQUENCY(0,6371*2*ASIN(SQRT(SIN(RADIANS($L:$L-$A$5)/2)^2+COS(RADIANS($A$5))*COS(RADIANS($L:$L))*SIN(RADIANS($M:$M-$B$5)/2)^2))),$K:$K) -> K-160 | F7: NAMA GARDU | H7: TEK | I7: PINOLOSIAN TIMUR | J7: BOLAANG MONGONDOW SELATAN | K7: L-144 | L7: 0.45646 | M7: 124.42854
A8: gardu terdetkat1 | B8: =LOOKUP(1,1/FREQUENCY(0,SIN(RADIANS($L:$L-$A$5)/2)^1+SIN(RADIANS($M:$M-$B$5)/2)^2*COS(RADIANS($L:$L))*COS(RADIANS($A$5))),$K:$K) -> K-067 | F8: NAMA GARDU | H8: TEK | I8: TOBONGON | J8: BOLAANG MONGONDOW TIMUR | K8: KMO 31 | L8: 0.702353 | M8: 124.40488
A9: gardu terdetkat2 | B9: =LOOKUP(1,1/FREQUENCY(0,SIN(RADIANS($L:$L-$A$5)/2)^3+SIN(RADIANS($M:$M-$B$5)/2)^2*COS(RADIANS($L:$L))*COS(RADIANS($A$5))),$K:$K) -> K-160 | F9: NAMA GARDU | H9: TEK | I9: LANUD | J9: BOLAANG MONGONDOW TIMUR | K9: KMO 38 | L9: 0.65386802 | M9: 124.45435
A10: gardu terdetkat3 | B10: {=LOOKUP(1,1/FREQUENCY(0,SIN((RADIANS($L:$L-$A$5))/2)^4+SIN((RADIANS($M:$M-$B$5))/2)^2*COS(RADIANS($L:$L))*COS(RADIANS($A$5))),$K:$K)} -> K-160 | F10: NAMA GARDU | H10: TEK | I10: LANUD | J10: BOLAANG MONGONDOW TIMUR | K10: KMO 40 | L10: 0.656537 | M10: 124.46075
A11: jurusan Induk R | B11: =VLOOKUP($B$7,'DATA PENGEUKURAN GARDU'!$H:$BV,10,0) -> 18 | F11: A | H11: TEK | I11: NUANGAN | J11: BOLAANG MONGONDOW TIMUR | K11: KMO 64 | L11: 0.58212799 | M11: 124.52679
A12: jurusan Induk S | B12: =VLOOKUP($B$7,'DATA PENGEUKURAN GARDU'!$H:$BV,12,0) -> 6 | F12: A | H12: TEK | I12: NUANGAN | J12: BOLAANG MONGONDOW TIMUR | K12: KMO 65 | L12: 0.57849699 | M12: 124.5134
A13: jurusan Induk T | B13: =VLOOKUP($B$7,'DATA PENGEUKURAN GARDU'!$H:$BV,14,0) -> 7 | F13: A | H13: TEK | I13: PINASUNGKULAN | J13: MINAHASA SELATAN | K13: KMO 122 | L13: 0.79277599 | M13: 124.45316
A14: cabang R1 | B14: =VLOOKUP($B$7,'DATA PENGEUKURAN GARDU'!$H:$BV,20,0) -> 10 | F14: A | H14: TEK | I14: MAKAARUYEN | J14: MINAHASA SELATAN | K14: KMO 129 | L14: 0.80122799 | M14: 124.44716
A15: cabang S1 | B15: =VLOOKUP($B$7,'DATA PENGEUKURAN GARDU'!$H:$BV,22,0) -> 0 | F15: A | H15: TEK | I15: MAKAARUYEN | J15: MINAHASA SELATAN | K15: KMO 131 | L15: 0.80458701 | M15: 124.44593
A16: cabang T1 | B16: =VLOOKUP($B$7,'DATA PENGEUKURAN GARDU'!$H:$BV,24,0) -> 0 | F16: A | H16: TEK | I16: BOLAANG UKI | J16: BOLAANG MONGONDOW SELATAN | K16: L-087 | L16: 0.37527 | M16: 124.00867
A17: cabang R2 | B17: =VLOOKUP($B$7,'DATA PENGEUKURAN GARDU'!$H:$BV,29,0) -> 8 | F17: A | H17: TEK | I17: BOLAANG UKI | J17: BOLAANG MONGONDOW SELATAN | K17: L-089 | L17: 0.38067 | M17: 124.01775
A18: cabang S2 | B18: =VLOOKUP($B$7,'DATA PENGEUKURAN GARDU'!$H:$BV,31,0) -> 7 | F18: A | H18: TEK | I18: PINOLOSIAN TIMUR | J18: BOLAANG MONGONDOW SELATAN | K18: L-139 | L18: 0.45651 | M18: 124.40461
A19: cabang T2 | B19: =VLOOKUP($B$7,'DATA PENGEUKURAN GARDU'!$H:$BV,33,0) -> 7 | F19: A
A20: cabang R3 | B20: =VLOOKUP($B$7,'DATA PENGEUKURAN GARDU'!$H:$BV,38,0) -> 0 | F20: A
A21: cabang S3 | B21: =VLOOKUP($B$7,'DATA PENGEUKURAN GARDU'!$H:$BV,40,0) -> 0 | F21: A
A22: cabang T3 | B22: =VLOOKUP($B$7,'DATA PENGEUKURAN GARDU'!$H:$BV,42,0) -> 0 | F22: A | H22: TEK | I22: KOTABUNAN | J22: BOLAANG MONGONDOW TIMUR | K22: KMO 207 | L22: 0.807311 | M22: 124.65518
A23: cabang R4 | B23: =VLOOKUP($B$7,'DATA PENGEUKURAN GARDU'!$H:$BV,42,0) -> 0
A24: cabang S4 | B24: =VLOOKUP($B$7,'DATA PENGEUKURAN GARDU'!$H:$BV,42,0) -> 0
A25: cabang T4 | B25: =VLOOKUP($B$7,'DATA PENGEUKURAN GARDU'!$H:$BV,42,0) -> 0
A26: BEBAN TRAFO | B26: =VLOOKUP($B$7,'DATA PENGEUKURAN GARDU'!$H:$BV,65,0) -> Underload
A27: BEBAN SEIMBANG | B27: =VLOOKUP($B$7,'DATA PENGEUKURAN GARDU'!$H:$BV,66,0) -> TDK SEIMBANG
A28: DROP TEGANGAN | B28: =VLOOKUP($B$7,'DATA PENGEUKURAN GARDU'!$H:$BV,67,0) -> NORMAL
A29: KAPASITAS TRAFO | B29: =VLOOKUP($B$7,'DATA PENGEUKURAN GARDU'!$H:$BV,61,0) -> 6.9897767 | F29: % | G29: =IF(B29>70%,"OVERLOAD","TRAFO AMAN") -> OVERLOAD | H29: TEK | I29: MOYONGKOTA | J29: BOLAANG MONGONDOW TIMUR | K29: KMO 3 | L29: 0.73105902 | M29: 124.35713
A30: JADWAL PADAM | I30: MOYONGKOTA | J30: BOLAANG MONGONDOW TIMUR | K30: KMO 4 | L30: 0.72947103 | M30: 124.35571
A31: CEK BAGIAN ADMINISTRASI | I31: MOLOBOG | J31: BOLAANG MONGONDOW TIMUR | K31: KMO 49 | L31: 0.63827401 | M31: 124.52997
A32: ISIAN INFO AGENDA | I32: MOLOBOG | J32: BOLAANG MONGONDOW TIMUR | K32: KMO 53 | L32: 0.65332598 | M32: 124.54971
B33: DATA INTI | C33: DATA CADANGAN | F33: SATUAN | G33: KETERANGAN | H33: PIC | I33: JIKO | J33: BOLAANG MONGONDOW TIMUR | K33: KMO 56 | L33: 0.62147599 | M33: 124.54624
A34: POTENSI PIUTANG PRR / P2TL | B34: {=LOOKUP(1,1/FREQUENCY(0,MMULT(('DATA PRR'!$H:$I-$A$5:$B$5)^2,{1;1})),'DATA PRR'!G:G)} -> PRR 317000284000 SAHARJO MAMALO R1M 900 peta | C34: =IFERROR(VLOOKUP($C$5,'DATA PRR'!$D:$G,4,0),"") -> PRR 317000007561 IBRAHIM MIDU R1 1300 peta | F34: PLG | H34: NIAGA | I34: PALELON | J34: MINAHASA SELATAN | K34: KMO 133 | L34: 0.80663902 | M34: 124.43892
A35: ISIAN MANUAL/ SLO/RESTITUSI | B35: {=LOOKUP(1,1/FREQUENCY(0,MMULT(('DATA SLO'!$H:$I-$A$5:$B$5)^2,{1;1})),'DATA SLO'!G:G)} -> BLM TERBIT SLO 317000284000 SAHARJO MAMALO R1M 900 peta | C35: =IFERROR(VLOOKUP($C$5,'DATA SLO'!$D:$G,4,0),"") -> TERBIT SLO 317000007561 IBRAHIM MIDU R1 1300 peta | H35: NIAGA | I35: WULURMAATUS | J35: MINAHASA SELATAN | K35: KMO 138 | L35: 0.81015199 | M35: 124.43267
A36: JUMLAH HARI LAYANAN | B36: =VLOOKUP($C$5,'MONITORING HARI LAYANAN'!$E:$U,17,0) -> #N/A | C36: =VLOOKUP($D$5,'MONITORING HARI LAYANAN'!$A:$U,21,0) -> 2 | F36: HARI | H36: NIAGA | I36: MOKOBANG | J36: MINAHASA SELATAN | K36: KMO 140 | L36: 0.84362203 | M36: 124.43693
A37: STATUS PERMOHONAN/BAYAR/SURVEI/PKBA/ENTRI PDL/REMAJA | B37: =VLOOKUP($C$5,'MONITORING HARI LAYANAN'!$E:$AH,30,0) -> #N/A | C37: =VLOOKUP($D$5,'MONITORING HARI LAYANAN'!$A:$AH,34,0) -> PEREMAJAAN | H37: NIAGA | I37: MOTONGKAT | J37: BOLAANG MONGONDOW TIMUR | K37: KMO 157 | L37: 0.66319901 | M37: 124.55881
A38: MONITORING STOK MATERIAL ULP | I38: MODAYAG | J38: BOLAANG MONGONDOW TIMUR | K38: KMO 22 | L38: 0.710985 | M38: 124.38274
A39: NAMA MATERIAL | B39: SATUAN | C39: JENIS PLGAN | D39: STOK UP3 | E39: STOK ULP | F39: STOK PINJAM | G39: PIC | H39: KETERANGAN | I39: MODAYAG | J39: BOLAANG MONGONDOW TIMUR | K39: KMO 22 | L39: 0.710985 | M39: 124.38274
A40: MCB | B40: =G5 -> 1 FASA | C40: =IFERROR(VLOOKUP($F$5,'DATA MATERIAL TEL TEK'!$C:$H,4,0),"") -> 6A | D40: =IFERROR(VLOOKUP($C40,'DATA MATERIAL TEL TEK'!$F:$J,2,0),"") -> 21 | E40: =IFERROR(VLOOKUP($C40,'DATA MATERIAL TEL TEK'!$F:$J,3,0),"") -> 3 | F40: =IFERROR(VLOOKUP($C40,'DATA MATERIAL TEL TEK'!$F:$J,4,0),"") -> 8 | G40: =IFERROR(VLOOKUP($A40&B40,'DATA MATERIAL TEL TEK'!$B:$J,9,0),"") | I40: LIBERIA | J40: BOLAANG MONGONDOW TIMUR | K40: KMO 84 | L40: 0.719455 | M40: 124.3939
A41: KWH METER 1 FASA PASKABAYAR | B41: 1 FASA | C41: =$F$5&$G$5 -> 13001 FASA | D41: =IFERROR(VLOOKUP($A41,'DATA MATERIAL TEL TEK'!$B:$J,6,0),"") -> 50 | E41: =IFERROR(VLOOKUP($A41,'DATA MATERIAL TEL TEK'!$B:$J,7,0),"") -> 24 | F41: =IFERROR(VLOOKUP($A41,'DATA MATERIAL TEL TEK'!$B:$J,8,0),"") -> 13 | G41: =IFERROR(VLOOKUP($A41,'DATA MATERIAL TEL TEK'!$B:$J,9,0),"") -> TEL | I41: LANUD | J41: BOLAANG MONGONDOW TIMUR | K41: KMO 42 | L41: 0.65116602 | M41: 124.46834
A42: KWH METER 1 FASA PRABAYAR | B42: 1 FASA | C42: =$F$5&$G$5 -> 13001 FASA | D42: =IFERROR(VLOOKUP($A42,'DATA MATERIAL TEL TEK'!$B:$J,6,0),"") -> 60 | E42: =IFERROR(VLOOKUP($A42,'DATA MATERIAL TEL TEK'!$B:$J,7,0),"") -> 26 | F42: =IFERROR(VLOOKUP($A42,'DATA MATERIAL TEL TEK'!$B:$J,8,0),"") -> 15 | G42: =IFERROR(VLOOKUP($A42,'DATA MATERIAL TEL TEK'!$B:$J,9,0),"") -> TEL | I42: BAI | J42: BOLAANG MONGONDOW TIMUR | K42: KMO 47 | L42: 0.63456899 | M42: 124.51112
A43: KWH METER 3 FASA PASKABAYAR | B43: 3 FASA | C43: =$F$5&$G$5 -> 13001 FASA | D43: =IFERROR(VLOOKUP($A43,'DATA MATERIAL TEL TEK'!$B:$J,6,0),"") -> 10 | E43: =IFERROR(VLOOKUP($A43,'DATA MATERIAL TEL TEK'!$B:$J,7,0),"") -> 25 | F43: =IFERROR(VLOOKUP($A43,'DATA MATERIAL TEL TEK'!$B:$J,8,0),"") -> 14 | G43: =IFERROR(VLOOKUP($A43,'DATA MATERIAL TEL TEK'!$B:$J,9,0),"") -> TEL | I43: ATOGA | J43: BOLAANG MONGONDOW TIMUR | K43: GARDU NURMAINI SIREGAR ATOGA | L43: 0.676706 | M43: 124.53803
A44: KWH METER 3 FASA PRABAYAR | B44: 3 FASA | C44: =$F$5&$G$5 -> 13001 FASA | D44: =IFERROR(VLOOKUP($A44,'DATA MATERIAL TEL TEK'!$B:$J,6,0),"") -> 5 | E44: =IFERROR(VLOOKUP($A44,'DATA MATERIAL TEL TEK'!$B:$J,7,0),"") -> 27 | F44: =IFERROR(VLOOKUP($A44,'DATA MATERIAL TEL TEK'!$B:$J,8,0),"") -> 16 | G44: =IFERROR(VLOOKUP($A44,'DATA MATERIAL TEL TEK'!$B:$J,9,0),"") -> TEL | I44: BOLAANG UKI | J44: BOLAANG MONGONDOW SELATAN | K44: L-094 | L44: 0.37606 | M44: 124.02419
A45: KABEL SR | B45: METER | D45: =IFERROR(VLOOKUP($A45,'DATA MATERIAL TEL TEK'!$B:$J,6,0),"") -> 100 | E45: =IFERROR(VLOOKUP($A45,'DATA MATERIAL TEL TEK'!$B:$J,7,0),"") -> 50 | F45: =IFERROR(VLOOKUP($A45,'DATA MATERIAL TEL TEK'!$B:$J,8,0),"") -> 25 | G45: =IFERROR(VLOOKUP($A45,'DATA MATERIAL TEL TEK'!$B:$J,9,0),"") -> TEK | I45: TOGIT | J45: BOLAANG MONGONDOW TIMUR | K45: KMO 172 | L45: 0.74456197 | M45: 124.60834
A46: KABEL TR | B46: METER | C46: =IFERROR(VLOOKUP($F11,'DATA MATERIAL TEL TEK'!$C:$H,3,0),"") | D46: =IFERROR(VLOOKUP($A46,'DATA MATERIAL TEL TEK'!$B:$J,6,0),"") -> 200 | E46: =IFERROR(VLOOKUP($A46,'DATA MATERIAL TEL TEK'!$B:$J,7,0),"") -> 100 | F46: =IFERROR(VLOOKUP($A46,'DATA MATERIAL TEL TEK'!$B:$J,8,0),"") -> 50 | G46: =IFERROR(VLOOKUP($A46,'DATA MATERIAL TEL TEK'!$B:$J,9,0),"") -> TEK | I46: TOGIT | J46: BOLAANG MONGONDOW TIMUR | K46: KMO 173 | L46: 0.74670303 | M46: 124.60829
A47: TM | B47: METER | C47: =IFERROR(VLOOKUP($F12,'DATA MATERIAL TEL TEK'!$C:$H,3,0),"") | D47: =IFERROR(VLOOKUP($A47,'DATA MATERIAL TEL TEK'!$B:$J,6,0),"") -> 300 | E47: =IFERROR(VLOOKUP($A47,'DATA MATERIAL TEL TEK'!$B:$J,7,0),"") -> 150 | F47: =IFERROR(VLOOKUP($A47,'DATA MATERIAL TEL TEK'!$B:$J,8,0),"") -> 60 | G47: =IFERROR(VLOOKUP($A47,'DATA MATERIAL TEL TEK'!$B:$J,9,0),"") -> TEK | I47: TUTUYAN | J47: BOLAANG MONGONDOW TIMUR | K47: KMO 179 | L47: 0.75708097 | M47: 124.61224
A48: TIANG | B48: PCS | C48: =IFERROR(VLOOKUP($F13,'DATA MATERIAL TEL TEK'!$C:$H,3,0),"") | D48: =IFERROR(VLOOKUP($A48,'DATA MATERIAL TEL TEK'!$B:$J,6,0),"") -> 400 | E48: =IFERROR(VLOOKUP($A48,'DATA MATERIAL TEL TEK'!$B:$J,7,0),"") -> 200 | F48: =IFERROR(VLOOKUP($A48,'DATA MATERIAL TEL TEK'!$B:$J,8,0),"") -> 70 | G48: =IFERROR(VLOOKUP($A48,'DATA MATERIAL TEL TEK'!$B:$J,9,0),"") -> TEK | I48: TUTUYAN | J48: BOLAANG MONGONDOW TIMUR | K48: KMO 186 | L48: 0.76202798 | M48: 124.61304
A49: KUBIKEL | B49: PCS | C49: =IFERROR(VLOOKUP($F14,'DATA MATERIAL TEL TEK'!$C:$H,3,0),"") | D49: =IFERROR(VLOOKUP($A49,'DATA MATERIAL TEL TEK'!$B:$J,6,0),"") -> 5 | E49: =IFERROR(VLOOKUP($A49,'DATA MATERIAL TEL TEK'!$B:$J,7,0),"") -> 10 | F49: =IFERROR(VLOOKUP($A49,'DATA MATERIAL TEL TEK'!$B:$J,8,0),"") -> 15 | G49: =IFERROR(VLOOKUP($A49,'DATA MATERIAL TEL TEK'!$B:$J,9,0),"") -> TEK | I49: TUTUYAN | J49: BOLAANG MONGONDOW TIMUR | K49: KMO 188 | L49: 0.76591307 | M49: 124.61526
B50: =IFERROR(VLOOKUP($F15,'DATA MATERIAL TEL TEK'!$C:$H,3,0),"") | C50: =IFERROR(VLOOKUP($A49,'DATA MATERIAL TEL TEK'!$D:$J,4,0),"") | D50: =IFERROR(VLOOKUP($A49,'DATA MATERIAL TEL TEK'!$D:$J,5,0),"") | E50: =IFERROR(VLOOKUP($A49,'DATA MATERIAL TEL TEK'!$D:$J,6,0),"") | I50: LIBERIA | J50: BOLAANG MONGONDOW TIMUR | K50: KMO 87 | L50: 0.72266197 | M50: 124.38779
I51: PURWOREJO | J51: BOLAANG MONGONDOW TIMUR | K51: KMO 90 | L51: 0.71321702 | M51: 124.39296
I52: PURWOREJO | J52: BOLAANG MONGONDOW TIMUR | K52: KMO 82 | L52: 0.713368 | M52: 124.39121
I53: BONGKUDAI BARU | J53: BOLAANG MONGONDOW TIMUR | K53: KMO 100 | L53: 0.75017899 | M53: 124.44919
A54: 0.912184 | B54: 124114245 | I54: BONGKUDAI BARU | J54: BOLAANG MONGONDOW TIMUR | K54: KMO 102 | L54: 0.76148999 | M54: 124.44537
I55: BONGKUDAI BARU | J55: BOLAANG MONGONDOW TIMUR | K55: KMO 103 | L55: 0.76439798 | M55: 124.44398
I56: SINISIR | J56: BOLAANG MONGONDOW TIMUR | K56: KMO 108 | L56: 0.77942097 | M56: 124.45863
I57: KOKAPOY | J57: BOLAANG MONGONDOW TIMUR | K57: KMO 110 | L57: 0.79109299 | M57: 124.53216
I58: MOBUYA | J58: BOLAANG MONGONDOW INDUK | K58: KMO 144 | L58: 0.82995599 | M58: 124.43276
I59: INSIL | J59: BOLAANG MONGONDOW INDUK | K59: KMO 147 | L59: 0.79936898 | M59: 124.42171
I60: PINOLOSIAN | J60: BOLAANG MONGONDOW SELATAN | K60: L-111 | L60: 0.39636 | M60: 124.1124
C61: 124.36799 | I61: PINOLOSIAN | J61: BOLAANG MONGONDOW SELATAN | K61: L-112 | L61: 0.39418 | M61: 124.11255
I62: PINOLOSIAN SELATAN | J62: BOLAANG MONGONDOW SELATAN | K62: L-122 | L62: 0.43266 | M62: 124.2265
I63: PINOLOSIAN SELATAN | J63: BOLAANG MONGONDOW SELATAN | K63: L-123 | L63: 0.40666 | M63: 124.24977
I64: BUYAT | J64: BOLAANG MONGONDOW TIMUR | K64: KMO 221 | L64: 0.84720403 | M64: 124.70155
I65: PURWOREJO | J65: BOLAANG MONGONDOW TIMUR | K65: KMO 80 | L65: 0.71000302 | M65: 124.38846
I66: TUTUYAN | J66: BOLAANG MONGONDOW TIMUR | K66: KMO 190 | L66: 0.76894498 | M66: 124.61271
I67: BOLAANG UKI | J67: BOLAANG MONGONDOW SELATAN | K67: L-001 | L67: 0.396904 | M67: 124.11272
I68: BOLAANG UKI | J68: BOLAANG MONGONDOW SELATAN | K68: L-004 | L68: 0.36571 | M68: 123.97835
I69: MODAYAG | J69: BOLAANG MONGONDOW TIMUR | K69: KMO 24 | L69: 0.70990199 | M69: 124.38513
I70: MODAYAG | J70: BOLAANG MONGONDOW TIMUR | K70: KMO 25 | L70: 0.71024197 | M70: 124.3854
I71: MATABULU | J71: BOLAANG MONGONDOW TIMUR | K71: KMO 71 | L71: 0.53293401 | M71: 124.46849
I72: JIKO BELANGA | J72: BOLAANG MONGONDOW TIMUR | K72: KMO 78 | L72: 0.48062199 | M72: 124.47991
I73: KAKENTURAN | J73: MINAHASA SELATAN | K73: KMO 112 | L73: 0.79115701 | M73: 124.46563
... I1373: LOLAK | J1373: BOLAANG MONGONDOW INDUK | K1373: NL 052 | L1373: 0.86078 | M1373: 123.93939

Sheet DATA PENGUKURAN GARDU
B1: PENGUKURAN GARDU DISTRIBUSI
B2: ULP IMANDI BULAN JANUARI 2024
B4: NO | C4: No, Gardu | D4: Penyulang | E4: Section | F4: Tipe Trafo | G4: Nama / Lokasi | H4: Merk Trafo | I4: Jenis Gardu | J4: Daya (kVA) | K4: Jlh Fasa | L4: Tegangan Nominal | N4: Arus Nominal | P4: Tgl & Jam Pengukuran | T4: Hasil Pengukuran Siang | AL4: Tgl & Jam Pengukuran | AO4: Hasil Pengukuran Malam | BG4: TAP | BH4: Status | BI4: Koordinat | BK4: Panjang JTR (KMS) | BL4: Keterangan | BM4: BEBAN PUNCAK | BN4: PEMBEBANAN | BP4: KESEIMBANGAN BEBAN | BR4: DROP TEGANGAN
T5: Nama Jurusan | AB5: Rata -Rata (A) | AC5: Beban | AE5: Keseimbangan Beban | AF5: Pangkal (V) | AH5: Ujung (V) | AI5: Overload Phasa | AO5: Nama Jurusan | AW5: Rata -Rata (A) | AX5: Beban | AZ5: Keseimbangan Beban | BA5: Pangkal (V) | BC5: Ujung (V) | BD5: Overload Phasa
L6: PRI (KV) | M6: SEK (V) | N6: PRI (A) | O6: SEK (A) | P6: Tgl | Q6: Bln | R6: Thn | U6: R | V6: % | W6: S | X6: % | Y6: T | Z6: % | AA6: N | AC6: kVA | AD6: % | AF6: L - N | AG6: L - L | AH6: L - N | AI6: R | AJ6: S | AK6: T | AL6: Tgl | AM6: Bln | AN6: Thn | AP6: R | AQ6: % | AR6: S | AS6: % | AT6: T | AU6: % | AV6: N | AX6: kVA | AY6: % | BA6: L - N | BB6: L - L | BC6: L - N | BD6: R | BE6: S | BF6: T | BI6: Latitude X | BJ6: Longitude Y | BN6: SIANG | BO6: MALAM | BP6: SIANG | BQ6: MALAM | BR6: SIANG | BS6: MALAM
A8: =C8&T8 -> Induk | B8: 1 | D8: SLO 7 | F8: Umum | G8: PERUM OM OKU | I8: PORTAL | J8: 50 | K8: 3 | L8: 20 | M8: =+IF(K8=3,400,IF(K8=1,230,0)) -> 400 | N8: =(J8*1000)/((L8*1000)*1.73) -> 1.4450867 | O8: =IF(K8=3,(J8*1000)/(M8*1.73),(J8*1000)/(M8)) -> 72.254335 | P8: 30 | Q8: JULI | R8: 2025 | T8: Induk | U8: =SUM(U9:U11) -> 0 | V8: =U8/O8*100 -> 0 | W8: =SUM(W9:W11) -> 0 | X8: =W8/O8*100 -> 0 | Y8: =SUM(Y9:Y11) -> 0 | Z8: =Y8/O8*100 -> 0 | AA8: =SUM(AA9:AA11) -> 0 | AB8: =IF((K8=3),(AVERAGE(U8,W8,Y8)),U8) -> 0 | AC8: =IFERROR(IF((K8=1),(AB8*AF8)/1000,(AB8*AG8*1.73)/1000),"0") -> 0 | AD8: =AC8/J8*100 -> 0 | AE8: =IF($K$8=1,"1 Phase",ABS(((U8/AB8)-1)+ABS((W8/AB8)-1)+ABS((Y8/AB8)-1))/3) -> #DIV/0! | AF8: 222 | AG8: 387 | AH8: 219.5 | AI8: =IF(U8>O8,"OL PHASA","Normal") -> Normal | AJ8: =IF(W8>O8,"OL PHASA","Normal") -> Normal | AK8: =IF(Y8>O8,"OL PHASA","Normal") -> Normal | AL8: 30 | AM8: JULI | AN8: 2025 | AO8: Induk | AP8: =SUM(AP9:AP11) -> 4 | AQ8: =AP8/O8*100 -> 5.536 | AR8: =SUM(AR9:AR11) -> 3 | AS8: =AR8/O8*100 -> 4.152 | AT8: =SUM(AT9:AT11) -> 5 | AU8: =AT8/O8*100 -> 6.92 | AV8: =SUM(AV9:AV11) -> 3 | AW8: =IF((K8=3),(AVERAGE(AP8,AR8,AT8)),AP8) -> 4 | AX8: =IFERROR(IF((K8=1),(AW8*BA8)/1000,(AW8*BB8*1.73)/1000),"0") -> 2.83028 | AY8: =AX8/J8*100 -> 5.66056 | AZ8: =IF($K$8=1,"1 Phase",ABS(((AP8/AW8)-1)+ABS((AR8/AW8)-1)+ABS((AT8/AW8)-1))/3) -> 0.16666667 | BA8: 238 | BB8: 409 | BD8: =IF(AP8>O8,"OL PHASA","Normal") -> Normal | BE8: =IF(AR8>O8,"OL PHASA","Normal") -> Normal | BF8: =IF(AT8>O8,"OL PHASA","Normal") -> Normal | BG8: - | BH8: Active | BI8: 0.54972 | BJ8: 123.93877 | BK8: 2164 | BL8: Sudah EAM | BM8: =IF(AY8>AD8,"Beban Malam","Beban Siang") -> Beban Malam | BN8: =IF(AD8<30,"Underload",IF(AD8<=80,"Baik",IF(AD8>80,"Overload"))) -> Underload | BO8: =IF(AY8<30,"Underload",IF(AY8<=80,"Baik",IF(AY8>80,"Overload"))) -> Underload | BP8: =IF(K8=3,IF(AE8>0.2,"TDK SEIMBANG","SEIMBANG"),IF(AI8="OL PHASA","TDK SEIMBANG","SEIMBANG")) -> #DIV/0! | BQ8: =IF(K8=3,IF(AZ8>0.2,"TDK SEIMBANG","SEIMBANG"),IF(BD8="OL PHASA","TDK SEIMBANG","SEIMBANG")) -> SEIMBANG | BR8: =IF(K8=3,IF(SUM(AF8:AG8)>600,"NORMAL","DROP"),IF(AH9>198,"NORMAL","DROP")) -> NORMAL | BS8: =IF(K8=3,IF(SUM(BA8:BB8)>600,"NORMAL","DROP"),IF(BC8>198,"NORMAL","DROP")) -> NORMAL
A9: =C9&T9 -> Jurusan 1 | D9: =IF(T9="","",D8) -> SLO 7 | T9: Jurusan 1 | AF9: 223 | AG9: 381 | AO9: Jurusan 1 | AP9: 4 | AR9: 3 | AT9: 5 | AV9: 3 | BA9: 236 | BB9: 413
A10: =C10&T10 -> Jurusan 2 | D10: =IF(T10="","",D9) -> SLO 7 | T10: Jurusan 2 | AF10: 220 | AG10: 384 | AO10: Jurusan 2 | BA10: 235 | BB10: 416
A11: =C11&T11 -> Jurusan 3 | D11: =IF(T11="","",D10) -> SLO 7 | T11: Jurusan 3 | AO11: Jurusan 3
A12: =C12&T12 | D12: =IF(T12="","",D11)
A13: =C13&T13 -> Induk | B13: =B8+1 -> 2 | D13: =IF(T13="","",D12) | F13: Umum | G13: PERUM GMP POYOWA BESAR | H13: KALTRA | I13: PORTAL | J13: 50 | K13: 3 | L13: 20 | M13: =+IF(K13=3,400,IF(K13=1,230,0)) -> 400 | N13: =(J13*1000)/((L13*1000)*1.73) -> 1.4450867 | O13: =IF(K13=3,(J13*1000)/(M13*1.73),(J13*1000)/(M13)) -> 72.254335 | P13: 30 | Q13: JULI | R13: 2025 | T13: Induk | U13: =SUM(U14:U16) -> 0 | V13: =U13/O13*100 -> 0 | W13: =SUM(W14:W16) -> 0 | X13: =W13/O13*100 -> 0 | Y13: =SUM(Y14:Y16) -> 0 | Z13: =Y13/O13*100 -> 0 | AA13: =SUM(AA14:AA16) -> 0 | AB13: =IF((K13=3),(AVERAGE(U13,W13,Y13)),U13) -> 0 | AC13: =IFERROR(IF((K13=1),(AB13*AF13)/1000,(AB13*AG13*1.73)/1000),"0") -> 0 | AD13: =AC13/J13*100 -> 0 | AE13: =IF($K$8=1,"1 Phase",ABS(((U13/AB13)-1)+ABS((W13/AB13)-1)+ABS((Y13/AB13)-1))/3) -> #DIV/0! | AF13: 225 | AG13: 395 | AI13: =IF(U13>O13,"OL PHASA","Normal") -> Normal | AJ13: =IF(W13>O13,"OL PHASA","Normal") -> Normal | AK13: =IF(Y13>O13,"OL PHASA","Normal") -> Normal | AL13: 30 | AM13: JULI | AN13: 2025 | AO13: Induk | AP13: =SUM(AP14:AP16) -> 3 | AQ13: =AP13/O13*100 -> 4.152 | AR13: =SUM(AR14:AR16) -> 0 | AS13: =AR13/O13*100 -> 0 | AT13: =SUM(AT14:AT16) -> 3 | AU13: =AT13/O13*100 -> 4.152 | AV13: =SUM(AV14:AV16) -> 3 | AW13: =IF((K13=3),(AVERAGE(AP13,AR13,AT13)),AP13) -> 2 | AX13: =IFERROR(IF((K13=1),(AW13*BA13)/1000,(AW13*BB13*1.73)/1000),"0") -> 1.41514 | AY13: =AX13/J13*100 -> 2.83028 | AZ13: =IF($K$8=1,"1 Phase",ABS(((AP13/AW13)-1)+ABS((AR13/AW13)-1)+ABS((AT13/AW13)-1))/3) -> 0.66666667 | BA13: 231 | BB13: 409 | BD13: =IF(AP13>O13,"OL PHASA","Normal") -> Normal | BE13: =IF(AR13>O13,"OL PHASA","Normal") -> Normal | BF13: =IF(AT13>O13,"OL PHASA","Normal") -> Normal | BG13: - | BH13: Active | BK13: 1080 | BL13: Sudah EAM | BM13: =IF(AY13>AD13,"Beban Malam","Beban Siang") -> Beban Malam | BN13: =IF(AD13<30,"Underload",IF(AD13<=80,"Baik",IF(AD13>80,"Overload"))) -> Underload | BO13: =IF(AY13<30,"Underload",IF(AY13<=80,"Baik",IF(AY13>80,"Overload"))) -> Underload | BP13: =IF(K13=3,IF(AE13>0.2,"TDK SEIMBANG","SEIMBANG"),IF(AI13="OL PHASA","TDK SEIMBANG","SEIMBANG")) -> #DIV/0! | BQ13: =IF(K13=3,IF(AZ13>0.2,"TDK SEIMBANG","SEIMBANG"),IF(BD13="OL PHASA","TDK SEIMBANG","SEIMBANG")) -> TDK SEIMBANG | BR13: =IF(K13=3,IF(SUM(AF13:AG13)>600,"NORMAL","DROP"),IF(AH14>198,"NORMAL","DROP")) -> NORMAL | BS13: =IF(K13=3,IF(SUM(BA13:BB13)>600,"NORMAL","DROP"),IF(BC13>198,"NORMAL","DROP")) -> NORMAL
A14: =C14&T14 -> Jurusan 1 | D14: =IF(T14="","",D13) | T14: Jurusan 1 | AF14: 230 | AG14: 390 | AH14: 225 | AO14: Jurusan 1 | AP14: 3 | AR14: 0 | AT14: 3 | AV14: 3 | BA14: 233 | BB14: 403
A15: =C15&T15 -> Jurusan 2 | D15: =IF(T15="","",D14) | T15: Jurusan 2 | AF15: 227 | AG15: 397 | AH15: 227 | AO15: Jurusan 2 | BA15: 230 | BB15: 406
A16: =C16&T16 -> Jurusan 3 | D16: =IF(T16="","",D15) | T16: Jurusan 3 | AO16: Jurusan 3
A17: =C17&T17 | D17: =IF(T17="","",D16)
A18: =C18&T18 -> K-143Induk | B18: =B13+1 -> 3 | C18: K-143 | D18: =IF(T18="","",D17) | G18: LAPANGAN NUNUK MATALI | H18: TRAFINDO | I18: PORTAL | J18: 160 | K18: 3 | L18: 20 | M18: =+IF(K18=3,400,IF(K18=1,230,0)) -> 400 | N18: =(J18*1000)/((L18*1000)*1.73) -> 4.6242775 | O18: =IF(K18=3,(J18*1000)/(M18*1.73),(J18*1000)/(M18)) -> 231.21387 | P18: 18 | Q18: JAN | R18: 2024 | T18: Induk | U18: =SUM(U19:U21) -> 77 | V18: =U18/O18*100 -> 33.3025 | W18: =SUM(W19:W21) -> 77 | X18: =W18/O18*100 -> 33.3025 | Y18: =SUM(Y19:Y21) -> 91 | Z18: =Y18/O18*100 -> 39.3575 | AA18: =SUM(AA19:AA21) -> 29 | AB18: =IF((K18=3),(AVERAGE(U18,W18,Y18)),U18) -> 81.666667 | AC18: =IFERROR(IF((K18=1),(AB18*AF18)/1000,(AB18*AG18*1.73)/1000),"0") -> 54.394083 | AD18: =AC18/J18*100 -> 33.996302 | AE18: =IF($K$8=1,"1 Phase",ABS(((U18/AB18)-1)+ABS((W18/AB18)-1)+ABS((Y18/AB18)-1))/3) -> 0.038095238 | AF18: 221 | AG18: 385 | AH18: 218 | AI18: =IF(U18>O18,"OL PHASA","Normal") -> Normal | AJ18: =IF(W18>O18,"OL PHASA","Normal") -> Normal | AK18: =IF(Y18>O18,"OL PHASA","Normal") -> Normal | AL18: 17 | AM18: JAN | AN18: 2024 | AO18: Induk | AP18: =SUM(AP19:AP21) -> 77 | AQ18: =AP18/O18*100 -> 33.3025 | AR18: =SUM(AR19:AR21) -> 77 | AS18: =AR18/O18*100 -> 33.3025 | AT18: =SUM(AT19:AT21) -> 91 | AU18: =AT18/O18*100 -> 39.3575 | AV18: =SUM(AV19:AV21) -> 29 | AW18: =IF((K18=3),(AVERAGE(AP18,AR18,AT18)),AP18) -> 81.666667 | AX18: =IFERROR(IF((K18=1),(AW18*BA18)/1000,(AW18*BB18*1.73)/1000),"0") -> 54.959217 | AY18: =AX18/J18*100 -> 34.34951 | AZ18: =IF($K$8=1,"1 Phase",ABS(((AP18/AW18)-1)+ABS((AR18/AW18)-1)+ABS((AT18/AW18)-1))/3) -> 0.038095238 | BA18: 223 | BB18: 389 | BC18: 218 | BD18: =IF(AP18>O18,"OL PHASA","Normal") -> Normal | BE18: =IF(AR18>O18,"OL PHASA","Normal") -> Normal | BF18: =IF(AT18>O18,"OL PHASA","Normal") -> Normal | BG18: - | BH18: Active | BK18: 2100 | BL18: Sudah EAM | BM18: =IF(AY18>AD18,"Beban Malam","Beban Siang") -> Beban Malam | BN18: =IF(AD18<30,"Underload",IF(AD18<=80,"Baik",IF(AD18>80,"Overload"))) -> Baik | BO18: =IF(AY18<30,"Underload",IF(AY18<=80,"Baik",IF(AY18>80,"Overload"))) -> Baik | BP18: =IF(K18=3,IF(AE18>0.2,"TDK SEIMBANG","SEIMBANG"),IF(AI18="OL PHASA","TDK SEIMBANG","SEIMBANG")) -> SEIMBANG | BQ18: =IF(K18=3,IF(AZ18>0.2,"TDK SEIMBANG","SEIMBANG"),IF(BD18="OL PHASA","TDK SEIMBANG","SEIMBANG")) -> SEIMBANG | BR18: =IF(K18=3,IF(SUM(AF18:AG18)>600,"NORMAL","DROP"),IF(AH19>198,"NORMAL","DROP")) -> NORMAL | BS18: =IF(K18=3,IF(SUM(BA18:BB18)>600,"NORMAL","DROP"),IF(BC19>198,"NORMAL","DROP")) -> NORMAL
A19: =C19&T19 -> K-143Jurusan 1 | C19: =IF(T19="","",C18) -> K-143 | D19: =IF(T19="","",D18) | T19: Jurusan 1 | U19: 50 | W19: 60 | Y19: 65 | AA19: 18 | AF19: 221 | AG19: 381 | AO19: Jurusan 1 | AP19: 50 | AR19: 60 | AT19: 65 | AV19: 18 | BA19: 224 | BB19: 384
A20: =C20&T20 -> K-143Jurusan 2 | C20: =IF(T20="","",C19) -> K-143 | D20: =IF(T20="","",D19) | T20: Jurusan 2 | U20: 27 | W20: 17 | Y20: 26 | AA20: 11 | AF20: 219 | AG20: 381 | AO20: Jurusan 2 | AP20: 27 | AR20: 17 | AT20: 26 | AV20: 11 | BA20: 221 | BB20: 386
A21: =C21&T21 -> K-143Jurusan 3 | C21: =IF(T21="","",C20) -> K-143 | D21: =IF(T21="","",D20) | T21: Jurusan 3 | AO21: Jurusan 3
A22: =C22&T22 | C22: =IF(T22="","",C21) | D22: =IF(T22="","",D21)
A23: =C23&T23 -> K-141Induk | B23: =B18+1 -> 4 | C23: K-141 | D23: =IF(T23="","",D22) | F23: Khusus | G23: PERUM GRYIA POBUNDAYAN | H23: KALTRA | I23: PORTAL | J23: 100 | K23: 3 | L23: 20 | M23: =+IF(K23=3,400,IF(K23=1,230,0)) -> 400 | N23: =(J23*1000)/((L23*1000)*1.73) -> 2.8901734 | O23: =IF(K23=3,(J23*1000)/(M23*1.73),(J23*1000)/(M23)) -> 144.50867 | P23: 29 | Q23: JAN | R23: 2025 | T23: Induk | U23: =SUM(U24:U26) -> 62 | V23: =U23/O23*100 -> 42.904 | W23: =SUM(W24:W26) -> 95 | X23: =W23/O23*100 -> 65.74 | Y23: =SUM(Y24:Y26) -> 73 | Z23: =Y23/O23*100 -> 50.516 | AA23: =SUM(AA24:AA26) -> 57 | AB23: =IF((K23=3),(AVERAGE(U23,W23,Y23)),U23) -> 76.666667 | AC23: =IFERROR(IF((K23=1),(AB23*AF23)/1000,(AB23*AG23*1.73)/1000),"0") -> 55.573367 | AD23: =AC23/J23*100 -> 55.573367 | AE23: =IF($K$8=1,"1 Phase",ABS(((U23/AB23)-1)+ABS((W23/AB23)-1)+ABS((Y23/AB23)-1))/3) -> 0.031884058 | AF23: 238 | AG23: 419 | AI23: =IF(U23>O23,"OL PHASA","Normal") -> Normal | AJ23: =IF(W23>O23,"OL PHASA","Normal") -> Normal | AK23: =IF(Y23>O23,"OL PHASA","Normal") -> Normal | AL23: 23 | AM23: JAN | AN23: 2023 | AO23: Induk | AP23: 49 | AQ23: =AP23/O23*100 -> 33.908 | AR23: 17 | AS23: =AR23/O23*100 -> 11.764 | AT23: 78 | AU23: =AT23/O23*100 -> 53.976 | AV23: 60 | AW23: =IF((K23=3),(AVERAGE(AP23,AR23,AT23)),AP23) -> 48 | AX23: =IFERROR(IF((K23=1),(AW23*BA23)/1000,(AW23*BB23*1.73)/1000),"0") -> 34.21248 | AY23: =AX23/J23*100 -> 34.21248 | AZ23: =IF($K$8=1,"1 Phase",ABS(((AP23/AW23)-1)+ABS((AR23/AW23)-1)+ABS((AT23/AW23)-1))/3) -> 0.43055556 | BA23: 231 | BB23: 412 | BD23: =IF(AP23>O23,"OL PHASA","Normal") -> Normal | BE23: =IF(AR23>O23,"OL PHASA","Normal") -> Normal | BF23: =IF(AT23>O23,"OL PHASA","Normal") -> Normal | BG23: - | BH23: Active | BK23: 900 | BL23: Sudah EAM | BM23: =IF(AY23>AD23,"Beban Malam","Beban Siang") -> Beban Siang | BN23: =IF(AD23<30,"Underload",IF(AD23<=80,"Baik",IF(AD23>80,"Overload"))) -> Baik | BO23: =IF(AY23<30,"Underload",IF(AY23<=80,"Baik",IF(AY23>80,"Overload"))) -> Baik | BP23: =IF(K23=3,IF(AE23>0.2,"TDK SEIMBANG","SEIMBANG"),IF(AI23="OL PHASA","TDK SEIMBANG","SEIMBANG")) -> SEIMBANG | BQ23: =IF(K23=3,IF(AZ23>0.2,"TDK SEIMBANG","SEIMBANG"),IF(BD23="OL PHASA","TDK SEIMBANG","SEIMBANG")) -> TDK SEIMBANG | BR23: =IF(K23=3,IF(SUM(AF23:AG23)>600,"NORMAL","DROP"),IF(AH24>198,"NORMAL","DROP")) -> NORMAL | BS23: =IF(K23=3,IF(SUM(BA23:BB23)>600,"NORMAL","DROP"),IF(BC24>198,"NORMAL","DROP")) -> NORMAL
A24: =C24&T24 -> K-141Jurusan 1 | C24: =IF(T24="","",C23) -> K-141 | D24: =IF(T24="","",D23) | T24: Jurusan 1 | U24: 62 | W24: 69 | Y24: 59 | AA24: 35 | AF24: 244 | AG24: 410 | AH24: 224 | AO24: Jurusan 1 | AP24: 24 | AR24: 11 | AT24: 6 | AV24: 19 | BA24: 241 | BB24: 397 | BC24: 232
A25: =C25&T25 -> K-141Jurusan 2 | C25: =IF(T25="","",C24) -> K-141 | D25: =IF(T25="","",D24) | T25: Jurusan 2 | U25: 0 | W25: 26 | Y25: 14 | AA25: 22 | AF25: 238 | AG25: 418 | AH25: 219 | AO25: Jurusan 2 | AP25: 21 | AR25: 6 | AT25: 73 | AV25: 56 | BA25: 232 | BB25: 413.7
A26: =C26&T26 -> K-141Jurusan 3 | C26: =IF(T26="","",C25) -> K-141 | T26: Jurusan 3 | AO26: Jurusan 3
A27: =C27&T27 | C27: =IF(T27="","",C26)
A28: =C28&T28 -> K-072Induk | B28: =B23+1 -> 5 | C28: K-072 | F28: Umum | G28: BOHUSAMI TOWER | J28: 50 | K28: 3 | L28: 20 | M28: =+IF(K28=3,400,IF(K28=1,230,0)) -> 400 | N28: =(J28*1000)/((L28*1000)*1.73) -> 1.4450867 | O28: =IF(K28=3,(J28*1000)/(M28*1.73),(J28*1000)/(M28)) -> 72.254335 | P28: 23 | Q28: 4 | R28: 2025 | T28: Induk | U28: =SUM(U29:U31) -> 10 | V28: =U28/O28*100 -> 13.84 | W28: =SUM(W29:W31) -> 48 | X28: =W28/O28*100 -> 66.432 | Y28: =SUM(Y29:Y31) -> 18 | Z28: =Y28/O28*100 -> 24.912 | AA28: =SUM(AA29:AA31) -> 75 | AB28: =IF((K28=3),(AVERAGE(U28,W28,Y28)),U28) -> 25.333333 | AC28: =IFERROR(IF((K28=1),(AB28*AF28)/1000,(AB28*AG28*1.73)/1000),"0") -> 17.701591 | AD28: =AC28/J28*100 -> 35.403181 | AE28: =IF($K$8=1,"1 Phase",ABS(((U28/AB28)-1)+ABS((W28/AB28)-1)+ABS((Y28/AB28)-1))/3) -> 0.19298246 | AF28: 232 | AG28: 403.9 | AI28: =IF(U28>O28,"OL PHASA","Normal") -> Normal | AJ28: =IF(W28>O28,"OL PHASA","Normal") -> Normal | AK28: =IF(Y28>O28,"OL PHASA","Normal") -> Normal | AL28: 14 | AM28: JAN | AN28: 2024 | AO28: Induk | AP28: 44 | AQ28: 87.4 | AR28: 51 | AS28: =AR28/O28*100 -> 70.584 | AT28: 52 | AU28: =AT28/O28*100 -> 71.968 | AV28: 27 | AW28: =IF((K28=3),(AVERAGE(AP28,AR28,AT28)),AP28) -> 49 | AX28: =IFERROR(IF((K28=1),(AW28*BA28)/1000,(AW28*BB28*1.73)/1000),"0") -> 34.730269 | AY28: =AX28/J28*100 -> 69.460538 | AZ28: =IF($K$8=1,"1 Phase",ABS(((AP28/AW28)-1)+ABS((AR28/AW28)-1)+ABS((AT28/AW28)-1))/3) -> 3.7007434e-17 | BA28: 235 | BB28: 409.7 | BD28: =IF(AP28>O28,"OL PHASA","Normal") -> Normal | BE28: =IF(AR28>O28,"OL PHASA","Normal") -> Normal | BF28: =IF(AT28>O28,"OL PHASA","Normal") -> Normal | BG28: - | BH28: Active | BK28: 1350 | BL28: Sudah EAM | BM28: =IF(AY28>AD28,"Beban Malam","Beban Siang") -> Beban Malam | BN28: =IF(AD28<30,"Underload",IF(AD28<=80,"Baik",IF(AD28>80,"Overload"))) -> Baik | BO28: =IF(AY28<30,"Underload",IF(AY28<=80,"Baik",IF(AY28>80,"Overload"))) -> Baik | BP28: =IF(K28=3,IF(AE28>0.2,"TDK SEIMBANG","SEIMBANG"),IF(AI28="OL PHASA","TDK SEIMBANG","SEIMBANG")) -> SEIMBANG | BQ28: =IF(K28=3,IF(AZ28>0.2,"TDK SEIMBANG","SEIMBANG"),IF(BD28="OL PHASA","TDK SEIMBANG","SEIMBANG")) -> SEIMBANG | BR28: =IF(K28=3,IF(SUM(AF28:AG28)>600,"NORMAL","DROP"),IF(AH29>198,"NORMAL","DROP")) -> NORMAL | BS28: =IF(K28=3,IF(SUM(BA28:BB28)>600,"NORMAL","DROP"),IF(BC29>198,"NORMAL","DROP")) -> NORMAL
A29: =C29&T29 -> K-072Jurusan 1 | C29: =IF(T29="","",C28) -> K-072 | T29: Jurusan 1 | U29: 10 | W29: 9 | Y29: 18 | AA29: 36 | AF29: 233 | AG29: 401 | AH29: 221 | AO29: Jurusan 1 | AP29: 40 | AR29: 49 | AT29: 41 | AV29: 24 | BA29: 236 | BB29: 399.7 | BC29: 233
A30: =C30&T30 -> K-072Jurusan 2 | C30: =IF(T30="","",C29) -> K-072 | T30: Jurusan 2 | U30: 0 | W30: 39 | Y30: 0 | AA30: 39 | AF30: 232 | AG30: 403 | AH30: 233 | AO30: Jurusan 2 | AP30: 5.5 | AR30: 4 | AT30: 11 | AV30: 1.8 | BA30: 234 | BB30: 404.8 | BC30: 235
A31: =C31&T31 -> K-072Jurusan 3 | C31: =IF(T31="","",C30) -> K-072 | T31: Jurusan 3 | AO31: Jurusan 3
A32: =C32&T32 | C32: =IF(T32="","",C31)
A33: =C33&T33 -> K-138,1Induk | B33: =B28+1 -> 6 | C33: K-138,1 | F33: Umum | I33: PORTAL | J33: 160 | K33: 3 | L33: 20 | M33: =+IF(K33=3,400,IF(K33=1,230,0)) -> 400 | N33: =(J33*1000)/((L33*1000)*1.73) -> 4.6242775 | O33: =IF(K33=3,(J33*1000)/(M33*1.73),(J33*1000)/(M33)) -> 231.21387 | T33: Induk | U33: =SUM(U34:U36) -> 100 | V33: =U33/O33*100 -> 43.25 | W33: =SUM(W34:W36) -> 121 | X33: =W33/O33*100 -> 52.3325 | Y33: =SUM(Y34:Y36) -> 139 | Z33: =Y33/O33*100 -> 60.1175 | AA33: =SUM(AA34:AA36) -> 64 | AB33: =IF((K33=3),(AVERAGE(U33,W33,Y33)),U33) -> 120 | AC33: =IFERROR(IF((K33=1),(AB33*AF33)/1000,(AB33*AG33*1.73)/1000),"0") -> 83.2476 | AD33: =AC33/J33*100 -> 52.02975 | AE33: =IF($K$8=1,"1 Phase",ABS(((U33/AB33)-1)+ABS((W33/AB33)-1)+ABS((Y33/AB33)-1))/3) -> 0 | AF33: 231 | AG33: 401 | AH33: 225 | AI33: =IF(U33>O33,"OL PHASA","Normal") -> Normal | AJ33: =IF(W33>O33,"OL PHASA","Normal") -> Normal | AK33: =IF(Y33>O33,"OL PHASA","Normal") -> Normal | AL33: 14 | AM33: JAN | AN33: 2024 | AO33: Induk | AP33: 52 | AQ33: =AP33/O33*100 -> 22.49 | AR33: 0 | AS33: =AR33/O33*100 -> 0 | AT33: 0 | AU33: =AT33/O33*100 -> 0 | AV33: 53 | AW33: =IF((K33=3),(AVERAGE(AP33,AR33,AT33)),AP33) -> 17.333333 | AX33: =IFERROR(IF((K33=1),(AW33*BA33)/1000,(AW33*BB33*1.73)/1000),"0") -> 0 | AY33: =AX33/J33*100 -> 0 | AZ33: =IF($K$8=1,"1 Phase",ABS(((AP33/AW33)-1)+ABS((AR33/AW33)-1)+ABS((AT33/AW33)-1))/3) -> 1.3333333 | BA33: 212 | BB33: 0 | BC33: 206 | BD33: =IF(AP33>O33,"OL PHASA","Normal") -> Normal | BE33: =IF(AR33>O33,"OL PHASA","Normal") -> Normal | BF33: =IF(AT33>O33,"OL PHASA","Normal") -> Normal | BG33: - | BH33: Active | BK33: 495 | BL33: Sudah EAM | BM33: =IF(AY33>AD33,"Beban Malam","Beban Siang") -> Beban Siang | BN33: =IF(AD33<30,"Underload",IF(AD33<=80,"Baik",IF(AD33>80,"Overload"))) -> Baik | BO33: =IF(AY33<30,"Underload",IF(AY33<=80,"Baik",IF(AY33>80,"Overload"))) -> Underload | BP33: =IF(K33=3,IF(AE33>0.2,"TDK SEIMBANG","SEIMBANG"),IF(AI33="OL PHASA","TDK SEIMBANG","SEIMBANG")) -> SEIMBANG | BQ33: =IF(K33=3,IF(AZ33>0.2,"TDK SEIMBANG","SEIMBANG"),IF(BD33="OL PHASA","TDK SEIMBANG","SEIMBANG")) -> TDK SEIMBANG | BR33: =IF(K33=3,IF(SUM(AF33:AG33)>600,"NORMAL","DROP"),IF(AH34>198,"NORMAL","DROP")) -> NORMAL | BS33: =IF(K33=3,IF(SUM(BA33:BB33)>600,"NORMAL","DROP"),IF(BC34>198,"NORMAL","DROP")) -> DROP
A34: =C34&T34 -> K-138,1Jurusan 1 | C34: =IF(T34="","",C33) -> K-138,1 | T34: Jurusan 1 | U34: 72 | W34: 106 | Y34: 112 | AA34: 45 | AO34: Jurusan 1
A35: =C35&T35 -> K-138,1Jurusan 2 | C35: =IF(T35="","",C34) -> K-138,1 | T35: Jurusan 2 | U35: 28 | W35: 15 | Y35: 27 | AA35: 19 | AO35: Jurusan 2
A36: =C36&T36 -> K-138,1Jurusan 3 | C36: =IF(T36="","",C35) -> K-138,1 | T36: Jurusan 3 | AO36: Jurusan 3
A37: =C37&T37 | C37: =IF(T37="","",C36)
A38: =C38&T38 -> K-038Induk | B38: =B33+1 -> 7 | C38: K-038 | G38: LOBONG | H38: SINTRA | I38: PORTAL | J38: 100 | K38: 3 | L38: 20 | M38: =+IF(K38=3,400,IF(K38=1,230,0)) -> 400 | N38: =(J38*1000)/((L38*1000)*1.73) -> 2.8901734 | O38: =IF(K38=3,(J38*1000)/(M38*1.73),(J38*1000)/(M38)) -> 144.50867 | P38: 17 | Q38: JAN | R38: 2024 | T38: Induk | U38: =SUM(U39:U41) -> 117 | V38: =U38/O38*100 -> 80.964 | W38: =SUM(W39:W41) -> 112 | X38: =W38/O38*100 -> 77.504 | Y38: =SUM(Y39:Y41) -> 113 | Z38: =Y38/O38*100 -> 78.196 | AA38: =SUM(AA39:AA41) -> 51 | AB38: =IF((K38=3),(AVERAGE(U38,W38,Y38)),U38) -> 114 | AC38: =IFERROR(IF((K38=1),(AB38*AF38)/1000,(AB38*AG38*1.73)/1000),"0") -> 75.9297 | AD38: =AC38/J38*100 -> 75.9297 | AE38: =IF($K$8=1,"1 Phase",ABS(((U38/AB38)-1)+ABS((W38/AB38)-1)+ABS((Y38/AB38)-1))/3) -> 0.01754386 | AF38: 222 | AG38: 385 | AI38: =IF(U38>O38,"OL PHASA","Normal") -> Normal | AJ38: =IF(W38>O38,"OL PHASA","Normal") -> Normal | AK38: =IF(Y38>O38,"OL PHASA","Normal") -> Normal | AL38: 14 | AM38: JAN | AN38: 2024 | AO38: Induk | AP38: 22 | AQ38: =AP38/O38*100 -> 15.224 | AR38: 15 | AS38: =AR38/O38*100 -> 10.38 | AT38: 15 | AU38: =AT38/O38*100 -> 10.38 | AV38: 14 | AW38: =IF((K38=3),(AVERAGE(AP38,AR38,AT38)),AP38) -> 17.333333 | AX38: =IFERROR(IF((K38=1),(AW38*BA38)/1000,(AW38*BB38*1.73)/1000),"0") -> 11.78476 | AY38: =AX38/J38*100 -> 11.78476 | AZ38: =IF($K$8=1,"1 Phase",ABS(((AP38/AW38)-1)+ABS((AR38/AW38)-1)+ABS((AT38/AW38)-1))/3) -> 0.17948718 | BA38: 227 | BB38: 393 | BD38: =IF(AP38>O38,"OL PHASA","Normal") -> Normal | BE38: =IF(AR38>O38,"OL PHASA","Normal") -> Normal | BF38: =IF(AT38>O38,"OL PHASA","Normal") -> Normal | BG38: 4 | BH38: Active | BK38: 810 | BL38: Sudah EAM | BM38: =IF(AY38>AD38,"Beban Malam","Beban Siang") -> Beban Siang | BN38: =IF(AD38<30,"Underload",IF(AD38<=80,"Baik",IF(AD38>80,"Overload"))) -> Baik | BO38: =IF(AY38<30,"Underload",IF(AY38<=80,"Baik",IF(AY38>80,"Overload"))) -> Underload | BP38: =IF(K38=3,IF(AE38>0.2,"TDK SEIMBANG","SEIMBANG"),IF(AI38="OL PHASA","TDK SEIMBANG","SEIMBANG")) -> SEIMBANG | BQ38: =IF(K38=3,IF(AZ38>0.2,"TDK SEIMBANG","SEIMBANG"),IF(BD38="OL PHASA","TDK SEIMBANG","SEIMBANG")) -> SEIMBANG | BR38: =IF(K38=3,IF(SUM(AF38:AG38)>600,"NORMAL","DROP"),IF(AH39>198,"NORMAL","DROP")) -> NORMAL | BS38: =IF(K38=3,IF(SUM(BA38:BB38)>600,"NORMAL","DROP"),IF(BC39>198,"NORMAL","DROP")) -> NORMAL
A39: =C39&T39 -> K-038Jurusan 1 | C39: =IF(T39="","",C38) -> K-038 | T39: Jurusan 1 | U39: =101+16 -> 117 | W39: =96+16 -> 112 | Y39: =97+16 -> 113 | AA39: =43+8 -> 51 | AF39: 222 | AG39: 384 | AH39: 219 | AO39: Jurusan 1 | AP39: 6 | AR39: 5 | AT39: 7 | AV39: 6 | BA39: 226 | BB39: 391.7 | BC39: 223
A40: =C40&T40 -> K-038Jurusan 2 | C40: =IF(T40="","",C39) -> K-038 | T40: Jurusan 2 | AF40: 221 | AG40: 383 | AH40: 219 | AO40: Jurusan 2 | AP40: 16 | AR40: 10 | AT40: 7 | AV40: 10 | BA40: 225 | BB40: 390 | BC40: 215
A41: =C41&T41 -> K-038Jurusan 3 | C41: =IF(T41="","",C40) -> K-038 | T41: Jurusan 3 | AO41: Jurusan 3
A42: =C42&T42 | C42: =IF(T42="","",C41)
A43: =C43&T43 -> K-031Induk | B43: =B38+1 -> 8 | C43: K-031 | D43: SLO 7 | F43: Umum | G43: MESJID MOLINOW | H43: SINTRA | I43: CANTOL | J43: 250 | K43: 3 | L43: 20 | M43: =+IF(K43=3,400,IF(K43=1,230,0)) -> 400 | N43: =(J43*1000)/((L43*1000)*1.73) -> 7.2254335 | O43: =IF(K43=3,(J43*1000)/(M43*1.73),(J43*1000)/(M43)) -> 361.27168 | P43: 19 | Q43: 03 | R43: 2025 | T43: Induk | U43: =SUM(U44:U47) -> 217 | V43: =U43/O43*100 -> 60.0656 | W43: =SUM(W44:W47) -> 228 | X43: =W43/O43*100 -> 63.1104 | Y43: =SUM(Y44:Y47) -> 261 | Z43: =Y43/O43*100 -> 72.2448 | AA43: =SUM(AA44:AA47) -> 151 | AB43: =IF((K43=3),(AVERAGE(U43,W43,Y43)),U43) -> 235.33333 | AC43: =IFERROR(IF((K43=1),(AB43*AF43)/1000,(AB43*AG43*1.73)/1000),"0") -> 157.55802 | AD43: =AC43/J43*100 -> 63.023208 | AE43: =IF($K$8=1,"1 Phase",ABS(((U43/AB43)-1)+ABS((W43/AB43)-1)+ABS((Y43/AB43)-1))/3) -> 0.020774315 | AF43: 220 | AG43: 387 | AH43: 219 | AI43: =IF(U43>O43,"OL PHASA","Normal") -> Normal | AJ43: =IF(W43>O43,"OL PHASA","Normal") -> Normal | AK43: =IF(Y43>O43,"OL PHASA","Normal") -> Normal | AL43: 14 | AM43: JAN | AN43: 2024 | AO43: Induk | AP43: 68 | AQ43: =AP43/O43*100 -> 18.8224 | AR43: 10 | AS43: =AR43/O43*100 -> 2.768 | AT43: 51 | AU43: =AT43/O43*100 -> 14.1168 | AV43: 49 | AW43: =IF((K43=3),(AVERAGE(AP43,AR43,AT43)),AP43) -> 43 | AX43: =IFERROR(IF((K43=1),(AW43*BA43)/1000,(AW43*BB43*1.73)/1000),"0") -> 28.71454 | AY43: =AX43/J43*100 -> 11.485816 | AZ43: =IF($K$8=1,"1 Phase",ABS(((AP43/AW43)-1)+ABS((AR43/AW43)-1)+ABS((AT43/AW43)-1))/3) -> 0.51162791 | BA43: 219 | BB43: 386 | BC43: 218 | BD43: =IF(AP43>O43,"OL PHASA","Normal") -> Normal | BE43: =IF(AR43>O43,"OL PHASA","Normal") -> Normal | BF43: =IF(AT43>O43,"OL PHASA","Normal") -> Normal | BG43: - | BH43: Active | BK43: 2450 | BL43: Sudah EAM | BM43: =IF(AY43>AD43,"Beban Malam","Beban Siang") -> Beban Siang | BN43: =IF(AD43<30,"Underload",IF(AD43<=80,"Baik",IF(AD43>80,"Overload"))) -> Baik | BO43: =IF(AY43<30,"Underload",IF(AY43<=80,"Baik",IF(AY43>80,"Overload"))) -> Underload | BP43: =IF(K43=3,IF(AE43>0.2,"TDK SEIMBANG","SEIMBANG"),IF(AI43="OL PHASA","TDK SEIMBANG","SEIMBANG")) -> SEIMBANG | BQ43: =IF(K43=3,IF(AZ43>0.2,"TDK SEIMBANG","SEIMBANG"),IF(BD43="OL PHASA","TDK SEIMBANG","SEIMBANG")) -> TDK SEIMBANG | BR43: =IF(K43=3,IF(SUM(AF43:AG43)>600,"NORMAL","DROP"),IF(AH44>198,"NORMAL","DROP")) -> NORMAL | BS43: =IF(K43=3,IF(SUM(BA43:BB43)>600,"NORMAL","DROP"),IF(BC44>198,"NORMAL","DROP")) -> NORMAL
A44: =C44&T44 -> K-031Jurusan 1 | C44: =IF(T44="","",C43) -> K-031 | T44: Jurusan 1 | U44: 17 | W44: 12 | Y44: 16 | AA44: 13 | AF44: 226 | AG44: 381 | AO44: Jurusan 1 | BA44: 229 | BB44: 385.9
A45: =C45&T45 -> K-031Jurusan 2 | C45: =IF(T45="","",C44) -> K-031 | T45: Jurusan 2 | U45: 151 | W45: 146 | Y45: 130 | AA45: 68 | AF45: 221 | AG45: 389 | AO45: Jurusan 2 | BA45: 226 | BB45: 397
A46: =C46&T46 -> K-031Jurusan 3 | C46: =IF(T46="","",C45) -> K-031 | T46: Jurusan 3 | U46: 48 | W46: 69 | Y46: 110 | AA46: 65 | AO46: Jurusan 3
A47: =C47&T47 | C47: =IF(T47="","",C46) | U47: 1 | W47: 1 | Y47: 5 | AA47: 5
A48: =C48&T48 -> Induk | B48: =B43+1 -> 9 | D48: SLO 7 | F48: Khusus | H48: B&D | I48: CANTOL | J48: 200 | K48: 3 | L48: 20 | M48: =+IF(K48=3,400,IF(K48=1,230,0)) -> 400 | N48: =(J48*1000)/((L48*1000)*1.73) -> 5.7803468 | O48: =IF(K48=3,(J48*1000)/(M48*1.73),(J48*1000)/(M48)) -> 289.01734 | P48: 17 | Q48: JAN | R48: 2024 | T48: Induk | U48: =SUM(U49:U52) -> 182 | V48: =U48/O48*100 -> 62.972 | W48: =SUM(W49:W52) -> 155 | X48: =W48/O48*100 -> 53.63 | Y48: =SUM(Y49:Y52) -> 154 | Z48: =Y48/O48*100 -> 53.284 | AA48: =SUM(AA49:AA52) -> 38 | AB48: =IF((K48=3),(AVERAGE(U48,W48,Y48)),U48) -> 163.66667 | AC48: =IFERROR(IF((K48=1),(AB48*AF48)/1000,(AB48*AG48*1.73)/1000),"0") -> 111.27533 | AD48: =AC48/J48*100 -> 55.637665 | AE48: =IF($K$8=1,"1 Phase",ABS(((U48/AB48)-1)+ABS((W48/AB48)-1)+ABS((Y48/AB48)-1))/3) -> 0.074677529 | AF48: 226 | AG48: 393 | AI48: =IF(U48>O48,"OL PHASA","Normal") -> Normal | AJ48: =IF(W48>O48,"OL PHASA","Normal") -> Normal | AK48: =IF(Y48>O48,"OL PHASA","Normal") -> Normal | AL48: 14 | AM48: JAN | AN48: 2024 | AO48: Induk | AP48: 42 | AQ48: =AP48/O48*100 -> 14.532 | AR48: 37 | AS48: =AR48/O48*100 -> 12.802 | AT48: 56 | AU48: =AT48/O48*100 -> 19.376 | AV48: 32 | AW48: =IF((K48=3),(AVERAGE(AP48,AR48,AT48)),AP48) -> 45 | AX48: =IFERROR(IF((K48=1),(AW48*BA48)/1000,(AW48*BB48*1.73)/1000),"0") -> 31.37355 | AY48: =AX48/J48*100 -> 15.686775 | AZ48: =IF($K$8=1,"1 Phase",ABS(((AP48/AW48)-1)+ABS((AR48/AW48)-1)+ABS((AT48/AW48)-1))/3) -> 0.11851852 | BA48: 231 | BB48: 403 | BD48: =IF(AP48>O48,"OL PHASA","Normal") -> Normal | BE48: =IF(AR48>O48,"OL PHASA","Normal") -> Normal | BF48: =IF(AT48>O48,"OL PHASA","Normal") -> Normal | BG48: - | BH48: Active | BK48: 1200 | BL48: Sudah EAM | BM48: =IF(AY48>AD48,"Beban Malam","Beban Siang") -> Beban Siang | BN48: =IF(AD48<30,"Underload",IF(AD48<=80,"Baik",IF(AD48>80,"Overload"))) -> Baik | BO48: =IF(AY48<30,"Underload",IF(AY48<=80,"Baik",IF(AY48>80,"Overload"))) -> Underload | BP48: =IF(K48=3,IF(AE48>0.2,"TDK SEIMBANG","SEIMBANG"),IF(AI48="OL PHASA","TDK SEIMBANG","SEIMBANG")) -> SEIMBANG | BQ48: =IF(K48=3,IF(AZ48>0.2,"TDK SEIMBANG","SEIMBANG"),IF(BD48="OL PHASA","TDK SEIMBANG","SEIMBANG")) -> SEIMBANG | BR48: =IF(K48=3,IF(SUM(AF48:AG48)>600,"NORMAL","DROP"),IF(AH49>198,"NORMAL","DROP")) -> NORMAL | BS48: =IF(K48=3,IF(SUM(BA48:BB48)>600,"NORMAL","DROP"),IF(BC49>198,"NORMAL","DROP")) -> NORMAL
A49: =C49&T49 -> 0Jurusan 1 | C49: =IF(T49="","",C48) -> 0 | T49: Jurusan 1 | U49: 71 | W49: 56 | Y49: 49 | AA49: 20 | AF49: 227 | AG49: 389.5 | AH49: 220 | AO49: Jurusan 1 | AP49: 42 | AR49: 36 | AT49: 56 | AV49: 33 | BA49: 233 | BB49: 399 | BC49: 226
A50: =C50&T50 -> 0Jurusan 2 | C50: =IF(T50="","",C49) -> 0 | T50: Jurusan 2 | U50: 111 | W50: 99 | Y50: 105 | AA50: 18 | AF50: 224 | AG50: 391.6 | AO50: Jurusan 2 | BA50: 230 | BB50: 402.5
A51: =C51&T51 -> 0Jurusan 3 | C51: =IF(T51="","",C50) -> 0 | T51: Jurusan 3 | AO51: Jurusan 3
A52: =C52&T52 | C52: =IF(T52="","",C51)
A53: =C53&T53 -> K-160Induk | B53: =B48+1 -> 10 | C53: K-160 | D53: SLO 7 | F53: Umum | H53: KALTRA | I53: PORTAL | J53: 100 | K53: 3 | L53: 20 | M53: =+IF(K53=3,400,IF(K53=1,230,0)) -> 400 | N53: =(J53*1000)/((L53*1000)*1.73) -> 2.8901734 | O53: =IF(K53=3,(J53*1000)/(M53*1.73),(J53*1000)/(M53)) -> 144.50867 | P53: 22 | Q53: JUN | R53: 2025 | T53: Induk | U53: =SUM(U54:U57) -> 78 | V53: =U53/O53*100 -> 53.976 | W53: =SUM(W54:W57) -> 60 | X53: =W53/O53*100 -> 41.52 | Y53: =SUM(Y54:Y57) -> 80 | Z53: =Y53/O53*100 -> 55.36 | AA53: =SUM(AA54:AA57) -> 43 | AB53: =IF((K53=3),(AVERAGE(U53,W53,Y53)),U53) -> 72.666667 | AC53: =IFERROR(IF((K53=1),(AB53*AF53)/1000,(AB53*AG53*1.73)/1000),"0") -> 48.65106 | AD53: =AC53/J53*100 -> 48.65106 | AE53: =IF($K$8=1,"1 Phase",ABS(((U53/AB53)-1)+ABS((W53/AB53)-1)+ABS((Y53/AB53)-1))/3) -> 0.11620795 | AF53: 222 | AG53: 387 | AI53: =IF(U53>O53,"OL PHASA","Normal") -> Normal | AJ53: =IF(W53>O53,"OL PHASA","Normal") -> Normal | AK53: =IF(Y53>O53,"OL PHASA","Normal") -> Normal | AL53: 14 | AM53: JAN | AN53: 2024 | AO53: Induk | AP53: 18 | AQ53: =AP53/O53*100 -> 12.456 | AR53: 6 | AS53: =AR53/O53*100 -> 4.152 | AT53: 7 | AU53: =AT53/O53*100 -> 4.844 | AV53: 11 | AW53: =IF((K53=3),(AVERAGE(AP53,AR53,AT53)),AP53) -> 10.333333 | AX53: =IFERROR(IF((K53=1),(AW53*BA53)/1000,(AW53*BB53*1.73)/1000),"0") -> 7.036256 | AY53: =AX53/J53*100 -> 7.036256 | AZ53: =IF($K$8=1,"1 Phase",ABS(((AP53/AW53)-1)+ABS((AR53/AW53)-1)+ABS((AT53/AW53)-1))/3) -> 0.49462366 | BA53: 226 | BB53: 393.6 | BD53: =IF(AP53>O53,"OL PHASA","Normal") -> Normal | BE53: =IF(AR53>O53,"OL PHASA","Normal") -> Normal | BF53: =IF(AT53>O53,"OL PHASA","Normal") -> Normal | BG53: 5 | BH53: Active | BK53: 220 | BL53: Sudah EAM | BM53: =IF(AY53>AD53,"Beban Malam","Beban Siang") -> Beban Siang | BN53: =IF(AD53<30,"Underload",IF(AD53<=80,"Baik",IF(AD53>80,"Overload"))) -> Baik | BO53: =IF(AY53<30,"Underload",IF(AY53<=80,"Baik",IF(AY53>80,"Overload"))) -> Underload | BP53: =IF(K53=3,IF(AE53>0.2,"TDK SEIMBANG","SEIMBANG"),IF(AI53="OL PHASA","TDK SEIMBANG","SEIMBANG")) -> SEIMBANG | BQ53: =IF(K53=3,IF(AZ53>0.2,"TDK SEIMBANG","SEIMBANG"),IF(BD53="OL PHASA","TDK SEIMBANG","SEIMBANG")) -> TDK SEIMBANG | BR53: =IF(K53=3,IF(SUM(AF53:AG53)>600,"NORMAL","DROP"),IF(AH54>198,"NORMAL","DROP")) -> NORMAL | BS53: =IF(K53=3,IF(SUM(BA53:BB53)>600,"NORMAL","DROP"),IF(BC54>198,"NORMAL","DROP")) -> NORMAL
A54: =C54&T54 -> K-160Jurusan 1 | C54: =IF(T54="","",C53) -> K-160 | T54: Jurusan 1 | U54: 78 | W54: 60 | Y54: 80 | AA54: 43 | AF54: 223 | AG54: 384 | AH54: 222 | AO54: Jurusan 1 | AP54: 10 | AR54: 0 | AT54: 0 | AV54: 1 | BA54: 227 | BB54: 391 | BC54: 225
A55: =C55&T55 -> K-160Jurusan 2 | C55: =IF(T55="","",C54) -> K-160 | T55: Jurusan 2 | AF55: 221 | AG55: 385 | AH55: 223 | AO55: Jurusan 2 | AP55: 8 | AR55: 7 | AT55: 7 | AV55: 5 | BA55: 226 | BB55: 393 | BC55: 227
A56: =C56&T56 -> K-160Jurusan 3 | C56: =IF(T56="","",C55) -> K-160 | T56: Jurusan 3 | AO56: Jurusan 3
A57: =C57&T57 | C57: =IF(T57="","",C56) | AO57: Jurusan 4
A58: =C58&T58 -> K-039Induk | B58: =B53+1 -> 11 | C58: K-039 | F58: Umum | G58: LOBONG II | H58: TRAFINDO | I58: PORTAL | J58: 50 | K58: 3 | L58: 20 | M58: =+IF(K58=3,400,IF(K58=1,230,0)) -> 400 | N58: =(J58*1000)/((L58*1000)*1.73) -> 1.4450867 | O58: =IF(K58=3,(J58*1000)/(M58*1.73),(J58*1000)/(M58)) -> 72.254335 | P58: 18 | Q58: JAN | R58: 2024 | T58: Induk | U58: =SUM(U59:U62) -> 43 | V58: =U58/O58*100 -> 59.512 | W58: =SUM(W59:W62) -> 56 | X58: =W58/O58*100 -> 77.504 | Y58: =SUM(Y59:Y62) -> 51 | Z58: =Y58/O58*100 -> 70.584 | AA58: =SUM(AA59:AA62) -> 26 | AB58: =IF((K58=3),(AVERAGE(U58,W58,Y58)),U58) -> 50 | AC58: =IFERROR(IF((K58=1),(AB58*AF58)/1000,(AB58*AG58*1.73)/1000),"0") -> 34.427 | AD58: =AC58/J58*100 -> 68.854 | AE58: =IF($K$8=1,"1 Phase",ABS(((U58/AB58)-1)+ABS((W58/AB58)-1)+ABS((Y58/AB58)-1))/3) -> 3.7007434e-17 | AF58: 228 | AG58: 398 | AI58: =IF(U58>O58,"OL PHASA","Normal") -> Normal | AJ58: =IF(W58>O58,"OL PHASA","Normal") -> Normal | AK58: =IF(Y58>O58,"OL PHASA","Normal") -> Normal | AL58: 14 | AM58: JAN | AN58: 2024 | AO58: Induk | AP58: 38 | AQ58: =AP58/O58*100 -> 52.592 | AR58: 60 | AS58: =AR58/O58*100 -> 83.04 | AT58: 87 | AU58: =AT58/O58*100 -> 120.408 | AV58: 55 | AW58: =IF((K58=3),(AVERAGE(AP58,AR58,AT58)),AP58) -> 61.666667 | AX58: =IFERROR(IF((K58=1),(AW58*BA58)/1000,(AW58*BB58*1.73)/1000),"0") -> 44.1669 | AY58: =AX58/J58*100 -> 88.3338 | AZ58: =IF($K$8=1,"1 Phase",ABS(((AP58/AW58)-1)+ABS((AR58/AW58)-1)+ABS((AT58/AW58)-1))/3) -> 0.018018018 | BA58: 238 | BB58: 414 | BD58: =IF(AP58>O58,"OL PHASA","Normal") -> Normal | BE58: =IF(AR58>O58,"OL PHASA","Normal") -> Normal | BF58: =IF(AT58>O58,"OL PHASA","Normal") -> OL PHASA | BG58: 5 | BH58: Active | BK58: 1250 | BL58: Sudah EAM | BM58: =IF(AY58>AD58,"Beban Malam","Beban Siang") -> Beban Malam | BN58: =IF(AD58<30,"Underload",IF(AD58<=80,"Baik",IF(AD58>80,"Overload"))) -> Baik | BO58: =IF(AY58<30,"Underload",IF(AY58<=80,"Baik",IF(AY58>80,"Overload"))) -> Overload | BP58: =IF(K58=3,IF(AE58>0.2,"TDK SEIMBANG","SEIMBANG"),IF(AI58="OL PHASA","TDK SEIMBANG","SEIMBANG")) -> SEIMBANG | BQ58: =IF(K58=3,IF(AZ58>0.2,"TDK SEIMBANG","SEIMBANG"),IF(BD58="OL PHASA","TDK SEIMBANG","SEIMBANG")) -> SEIMBANG | BR58: =IF(K58=3,IF(SUM(AF58:AG58)>600,"NORMAL","DROP"),IF(AH59>198,"NORMAL","DROP")) -> NORMAL | BS58: =IF(K58=3,IF(SUM(BA58:BB58)>600,"NORMAL","DROP"),IF(BC59>198,"NORMAL","DROP")) -> NORMAL
A59: =C59&T59 -> K-039Jurusan 1 | C59: =IF(T59="","",C58) -> K-039 | T59: Jurusan 1 | U59: 43 | W59: 56 | Y59: 51 | AA59: 26 | AF59: 229 | AG59: 392 | AH59: 220 | AO59: Jurusan 1 | AP59: 3 | AR59: 19 | AT59: 8 | AV59: 16 | BA59: 238 | BB59: 408 | BC59: 237
A60: =C60&T60 -> K-039Jurusan 2 | C60: =IF(T60="","",C59) -> K-039 | T60: Jurusan 2 | AF60: 225 | AG60: 392 | AH60: 227 | AO60: Jurusan 2 | AP60: 34 | AR60: 38 | AT60: 79 | AV60: 51 | BA60: 234 | BB60: 410 | BC60: 229
A61: =C61&T61 -> K-039Jurusan 3 | C61: =IF(T61="","",C60) -> K-039 | T61: Jurusan 3 | AO61: Jurusan 3
A62: =C62&T62 | C62: =IF(T62="","",C61)
A63: =C63&T63 -> K-268.1Induk | B63: =B58+1 -> 12 | C63: K-268.1 | F63: Umum | G63: TUNGOI LAPANGAN | J63: 50 | K63: 3 | L63: 20 | M63: =+IF(K63=3,400,IF(K63=1,230,0)) -> 400 | N63: =(J63*1000)/((L63*1000)*1.73) -> 1.4450867 | O63: =IF(K63=3,(J63*1000)/(M63*1.73),(J63*1000)/(M63)) -> 72.254335 | T63: Induk | U63: =SUM(U64:U67) -> 22 | V63: =U63/O63*100 -> 30.448 | W63: =SUM(W64:W67) -> 28 | X63: =W63/O63*100 -> 38.752 | Y63: =SUM(Y64:Y67) -> 14 | Z63: =Y63/O63*100 -> 19.376 | AA63: =SUM(AA64:AA67) -> 16 | AB63: =IF((K63=3),(AVERAGE(U63,W63,Y63)),U63) -> 21.333333 | AC63: =IFERROR(IF((K63=1),(AB63*AF63)/1000,(AB63*AG63*1.73)/1000),"0") -> 14.688853 | AD63: =AC63/J63*100 -> 29.377707 | AE63: =IF($K$8=1,"1 Phase",ABS(((U63/AB63)-1)+ABS((W63/AB63)-1)+ABS((Y63/AB63)-1))/3) -> 0.22916667 | AF63: 228 | AG63: 398 | AH63: 218 | AI63: =IF(U63>O63,"OL PHASA","Normal") -> Normal | AJ63: =IF(W63>O63,"OL PHASA","Normal") -> Normal | AK63: =IF(Y63>O63,"OL PHASA","Normal") -> Normal | AL63: 14 | AM63: JAN | AN63: 2024 | AO63: Induk | AP63: 35 | AQ63: =AP63/O63*100 -> 48.44 | AR63: 21 | AS63: =AR63/O63*100 -> 29.064 | AT63: 9.8 | AU63: =AT63/O63*100 -> 13.5632 | AV63: 23 | AW63: =IF((K63=3),(AVERAGE(AP63,AR63,AT63)),AP63) -> 21.933333 | AX63: =IFERROR(IF((K63=1),(AW63*BA63)/1000,(AW63*BB63*1.73)/1000),"0") -> 14.950199 | AY63: =AX63/J63*100 -> 29.900397 | AZ63: =IF($K$8=1,"1 Phase",ABS(((AP63/AW63)-1)+ABS((AR63/AW63)-1)+ABS((AT63/AW63)-1))/3) -> 0.39716312 | BA63: 227 | BB63: 394 | BC63: 227 | BD63: =IF(AP63>O63,"OL PHASA","Normal") -> Normal | BE63: =IF(AR63>O63,"OL PHASA","Normal") -> Normal | BF63: =IF(AT63>O63,"OL PHASA","Normal") -> Normal | BG63: 7 | BH63: Active | BK63: 1060 | BL63: Sudah EAM | BM63: =IF(AY63>AD63,"Beban Malam","Beban Siang") -> Beban Malam | BN63: =IF(AD63<30,"Underload",IF(AD63<=80,"Baik",IF(AD63>80,"Overload"))) -> Underload | BO63: =IF(AY63<30,"Underload",IF(AY63<=80,"Baik",IF(AY63>80,"Overload"))) -> Underload | BP63: =IF(K63=3,IF(AE63>0.2,"TDK SEIMBANG","SEIMBANG"),IF(AI63="OL PHASA","TDK SEIMBANG","SEIMBANG")) -> TDK SEIMBANG | BQ63: =IF(K63=3,IF(AZ63>0.2,"TDK SEIMBANG","SEIMBANG"),IF(BD63="OL PHASA","TDK SEIMBANG","SEIMBANG")) -> TDK SEIMBANG | BR63: =IF(K63=3,IF(SUM(AF63:AG63)>600,"NORMAL","DROP"),IF(AH64>198,"NORMAL","DROP")) -> NORMAL | BS63: =IF(K63=3,IF(SUM(BA63:BB63)>600,"NORMAL","DROP"),IF(BC64>198,"NORMAL","DROP")) -> NORMAL
A64: =C64&T64 -> K-268.1Jurusan 1 | C64: =IF(T64="","",C63) -> K-268.1 | T64: Jurusan 1 | U64: 17 | W64: 22 | Y64: 6 | AA64: 13 | AF64: 229 | AG64: 392 | AO64: Jurusan 1 | BA64: 227 | BB64: 393.6
A65: =C65&T65 -> K-268.1Jurusan 2 | C65: =IF(T65="","",C64) -> K-268.1 | T65: Jurusan 2 | U65: 5 | W65: 6 | Y65: 8 | AA65: 3 | AF65: 225 | AG65: 392 | AO65: Jurusan 2 | BA65: 227 | BB65: 394
A66: =C66&T66 -> K-268.1Jurusan 3 | C66: =IF(T66="","",C65) -> K-268.1 | T66: Jurusan 3 | AO66: Jurusan 3
A67: =C67&T67 | C67: =IF(T67="","",C66)
A68: =C68&T68 -> K-234.1Induk | B68: =B63+1 -> 13 | C68: K-234.1 | F68: Umum | G68: POBUNDAYAN PUSTU | I68: PORTAL | J68: 100 | K68: 3 | L68: 20 | M68: =+IF(K68=3,400,IF(K68=1,230,0)) -> 400 | N68: =(J68*1000)/((L68*1000)*1.73) -> 2.8901734 | O68: =IF(K68=3,(J68*1000)/(M68*1.73),(J68*1000)/(M68)) -> 144.50867 | P68: 31 | Q68: 8 | R68: 2025 | T68: Induk | U68: =SUM(U69:U72) -> 89 | V68: =U68/O68*100 -> 61.588 | W68: =SUM(W69:W72) -> 42 | X68: =W68/O68*100 -> 29.064 | Y68: =SUM(Y69:Y72) -> 86 | Z68: =Y68/O68*100 -> 59.512 | AA68: =SUM(AA69:AA72) -> 59 | AB68: =IF((K68=3),(AVERAGE(U68,W68,Y68)),U68) -> 72.333333 | AC68: =IFERROR(IF((K68=1),(AB68*AF68)/1000,(AB68*AG68*1.73)/1000),"0") -> 51.43117 | AD68: =AC68/J68*100 -> 51.43117 | AE68: =IF($K$8=1,"1 Phase",ABS(((U68/AB68)-1)+ABS((W68/AB68)-1)+ABS((Y68/AB68)-1))/3) -> 0.27956989 | AF68: =AVERAGE(AF69:AF72) -> 236 | AG68: =AVERAGE(AG69:AG72) -> 411 | AH68: 208 | AI68: =IF(U68>O68,"OL PHASA","Normal") -> Normal | AJ68: =IF(W68>O68,"OL PHASA","Normal") -> Normal | AK68: =IF(Y68>O68,"OL PHASA","Normal") -> Normal | AL68: 12 | AM68: JAN | AN68: 2024 | AO68: Induk | AP68: 29 | AQ68: =AP68/O68*100 -> 20.068 | AR68: 1 | AS68: =AR68/O68*100 -> 0.692 | AT68: 32 | AU68: =AT68/O68*100 -> 22.144 | AV68: 62 | AW68: =IF((K68=3),(AVERAGE(AP68,AR68,AT68)),AP68) -> 20.666667 | AX68: =IFERROR(IF((K68=1),(AW68*BA68)/1000,(AW68*BB68*1.73)/1000),"0") -> 0 | AY68: =AX68/J68*100 -> 0 | AZ68: =IF($K$8=1,"1 Phase",ABS(((AP68/AW68)-1)+ABS((AR68/AW68)-1)+ABS((AT68/AW68)-1))/3) -> 0.6344086 | BA68: 223 | BB68: 0 | BC68: 200 | BD68: =IF(AP68>O68,"OL PHASA","Normal") -> Normal | BE68: =IF(AR68>O68,"OL PHASA","Normal") -> Normal | BF68: =IF(AT68>O68,"OL PHASA","Normal") -> Normal | BG68: 6 | BH68: Active | BK68: 550 | BL68: Sudah EAM | BM68: =IF(AY68>AD68,"Beban Malam","Beban Siang") -> Beban Siang | BN68: =IF(AD68<30,"Underload",IF(AD68<=80,"Baik",IF(AD68>80,"Overload"))) -> Baik | BO68: =IF(AY68<30,"Underload",IF(AY68<=80,"Baik",IF(AY68>80,"Overload"))) -> Underload | BP68: =IF(K68=3,IF(AE68>0.2,"TDK SEIMBANG","SEIMBANG"),IF(AI68="OL PHASA","TDK SEIMBANG","SEIMBANG")) -> TDK SEIMBANG | BQ68: =IF(K68=3,IF(AZ68>0.2,"TDK SEIMBANG","SEIMBANG"),IF(BD68="OL PHASA","TDK SEIMBANG","SEIMBANG")) -> TDK SEIMBANG | BR68: =IF(K68=3,IF(SUM(AF68:AG68)>600,"NORMAL","DROP"),IF(AH68>198,"NORMAL","DROP")) -> NORMAL | BS68: =IF(K68=3,IF(SUM(BA68:BB68)>600,"NORMAL","DROP"),IF(BC68>198,"NORMAL","DROP")) -> DROP
A69: =C69&T69 -> K-234.1Jurusan 1 | C69: =IF(T69="","",C68) -> K-234.1 | T69: Jurusan 1 | U69: 89 | W69: 42 | Y69: 86 | AA69: 59 | AF69: 237 | AG69: 414 | AO69: Jurusan 1
A70: =C70&T70 -> K-234.1Jurusan 2 | C70: =IF(T70="","",C69) -> K-234.1 | T70: Jurusan 2 | AF70: 233 | AG70: 407 | AO70: Jurusan 2
A71: =C71&T71 -> K-234.1Jurusan 3 | C71: =IF(T71="","",C70) -> K-234.1 | T71: Jurusan 3 | AF71: 238 | AG71: 412 | AO71: Jurusan 3
A72: =C72&T72 | C72: =IF(T72="","",C71)
A73: =C73&T73 -> K-250.2Induk | B73: =B68+1 -> 14 | C73: K-250.2 | G73: Poyowa Besar Sisipan 2 | I73: PORTAL | J73: 50 | K73: 3 | L73: 20 | M73: =+IF(K73=3,400,IF(K73=1,230,0)) -> 400 | N73: =(J73*1000)/((L73*1000)*1.73) -> 1.4450867 | O73: =IF(K73=3,(J73*1000)/(M73*1.73),(J73*1000)/(M73)) -> 72.254335 | P73: 18 | Q73: JAN | R73: 2024 | T73: Induk | U73: =SUM(U74:U77) -> 8 | V73: =U73/O73*100 -> 11.072 | W73: =SUM(W74:W77) -> 3 | X73: =W73/O73*100 -> 4.152 | Y73: =SUM(Y74:Y77) -> 8 | Z73: =Y73/O73*100 -> 11.072 | AA73: =SUM(AA74:AA77) -> 8 | AB73: =IF((K73=3),(AVERAGE(U73,W73,Y73)),U73) -> 6.3333333 | AC73: =IFERROR(IF((K73=1),(AB73*AF73)/1000,(AB73*AG73*1.73)/1000),"0") -> 4.4411022 | AD73: =AC73/J73*100 -> 8.8822044 | AE73: =IF($K$8=1,"1 Phase",ABS(((U73/AB73)-1)+ABS((W73/AB73)-1)+ABS((Y73/AB73)-1))/3) -> 0.35087719 | AF73: =AVERAGE(AF74:AF77) -> 230.33333 | AG73: =AVERAGE(AG74:AG77) -> 405.33333 | AH73: 210 | AI73: =IF(U73>O73,"OL PHASA","Normal") -> Normal | AJ73: =IF(W73>O73,"OL PHASA","Normal") -> Normal | AK73: =IF(Y73>O73,"OL PHASA","Normal") -> Normal | AL73: 12 | AM73: JAN | AN73: 2024 | AO73: Induk | AP73: 25 | AQ73: =AP73/O73*100 -> 34.6 | AR73: 5 | AS73: =AR73/O73*100 -> 6.92 | AT73: 22 | AU73: =AT73/O73*100 -> 30.448 | AV73: 20 | AW73: =IF((K73=3),(AVERAGE(AP73,AR73,AT73)),AP73) -> 17.333333 | AX73: =IFERROR(IF((K73=1),(AW73*BA73)/1000,(AW73*BB73*1.73)/1000),"0") -> 11.988669 | AY73: =AX73/J73*100 -> 23.977339 | AZ73: =IF($K$8=1,"1 Phase",ABS(((AP73/AW73)-1)+ABS((AR73/AW73)-1)+ABS((AT73/AW73)-1))/3) -> 0.47435897 | BA73: 230 | BB73: 399.8 | BC73: 223 | BD73: =IF(AP73>O73,"OL PHASA","Normal") -> Normal | BE73: =IF(AR73>O73,"OL PHASA","Normal") -> Normal | BF73: =IF(AT73>O73,"OL PHASA","Normal") -> Normal | BG73: 5 | BH73: Active | BK73: 720 | BL73: Sudah EAM | BM73: =IF(AY73>AD73,"Beban Malam","Beban Siang") -> Beban Malam | BN73: =IF(AD73<30,"Underload",IF(AD73<=80,"Baik",IF(AD73>80,"Overload"))) -> Underload | BO73: =IF(AY73<30,"Underload",IF(AY73<=80,"Baik",IF(AY73>80,"Overload"))) -> Underload | BP73: =IF(K73=3,IF(AE73>0.2,"TDK SEIMBANG","SEIMBANG"),IF(AI73="OL PHASA","TDK SEIMBANG","SEIMBANG")) -> TDK SEIMBANG | BQ73: =IF(K73=3,IF(AZ73>0.2,"TDK SEIMBANG","SEIMBANG"),IF(BD73="OL PHASA","TDK SEIMBANG","SEIMBANG")) -> TDK SEIMBANG | BR73: =IF(K73=3,IF(SUM(AF73:AG73)>600,"NORMAL","DROP"),IF(AH73>198,"NORMAL","DROP")) -> NORMAL | BS73: =IF(K73=3,IF(SUM(BA73:BB73)>600,"NORMAL","DROP"),IF(BC73>198,"NORMAL","DROP")) -> NORMAL
A74: =C74&T74 -> K-250.2Jurusan 1 | C74: =IF(T74="","",C73) -> K-250.2 | T74: Jurusan 1 | U74: 8 | W74: 3 | Y74: 8 | AA74: 8 | AF74: 232 | AG74: 407 | AO74: Jurusan 1 | BA74: 230 | BB74: 396
A75: =C75&T75 -> K-250.2Jurusan 2 | C75: =IF(T75="","",C74) -> K-250.2 | T75: Jurusan 2 | AF75: 230 | AG75: 404 | AO75: Jurusan 2 | BA75: 227 | BB75: 392
A76: =C76&T76 -> K-250.2Jurusan 3 | C76: =IF(T76="","",C75) -> K-250.2 | T76: Jurusan 3 | AF76: 229 | AG76: 405 | AO76: Jurusan 3
A77: =C77&T77 | C77: =IF(T77="","",C76)
A78: =C78&T78 -> K-272Induk | B78: =B73+1 -> 15 | C78: K-272 | G78: TANOYAN UTARA GILINGAN | I78: CANTOL | J78: 50 | K78: 3 | L78: 20 | M78: =+IF(K78=3,400,IF(K78=1,230,0)) -> 400 | N78: =(J78*1000)/((L78*1000)*1.73) -> 1.4450867 | O78: =IF(K78=3,(J78*1000)/(M78*1.73),(J78*1000)/(M78)) -> 72.254335 | T78: Induk | U78: =SUM(U79:U82) -> 43 | V78: =U78/O78*100 -> 59.512 | W78: =SUM(W79:W82) -> 35 | X78: =W78/O78*100 -> 48.44 | Y78: =SUM(Y79:Y82) -> 54 | Z78: =Y78/O78*100 -> 74.736 | AA78: =SUM(AA79:AA82) -> 18 | AB78: =IF((K78=3),(AVERAGE(U78,W78,Y78)),U78) -> 44 | AC78: =IFERROR(IF((K78=1),(AB78*AF78)/1000,(AB78*AG78*1.73)/1000),"0") -> 29.3062 | AD78: =AC78/J78*100 -> 58.6124 | AE78: =IF($K$8=1,"1 Phase",ABS(((U78/AB78)-1)+ABS((W78/AB78)-1)+ABS((Y78/AB78)-1))/3) -> 0.13636364 | AF78: =AVERAGE(AF79:AF82) -> 221 | AG78: =AVERAGE(AG79:AG82) -> 385 | AH78: 381 | AI78: =IF(U78>O78,"OL PHASA","Normal") -> Normal | AJ78: =IF(W78>O78,"OL PHASA","Normal") -> Normal | AK78: =IF(Y78>O78,"OL PHASA","Normal") -> Normal | AL78: 12 | AM78: JAN | AN78: 2024 | AO78: Induk | AP78: 36 | AQ78: =AP78/O78*100 -> 49.824 | AR78: 32 | AS78: =AR78/O78*100 -> 44.288 | AT78: 0 | AU78: =AT78/O78*100 -> 0 | AV78: 5 | AW78: =IF((K78=3),(AVERAGE(AP78,AR78,AT78)),AP78) -> 22.666667 | AX78: =IFERROR(IF((K78=1),(AW78*BA78)/1000,(AW78*BB78*1.73)/1000),"0") -> 0 | AY78: =AX78/J78*100 -> 0 | AZ78: =IF($K$8=1,"1 Phase",ABS(((AP78/AW78)-1)+ABS((AR78/AW78)-1)+ABS((AT78/AW78)-1))/3) -> 0.66666667 | BA78: 233 | BB78: 0 | BC78: 228 | BD78: =IF(AP78>O78,"OL PHASA","Normal") -> Normal | BE78: =IF(AR78>O78,"OL PHASA","Normal") -> Normal | BF78: =IF(AT78>O78,"OL PHASA","Normal") -> Normal | BG78: 6 | BH78: Active | BK78: 500 | BL78: Sudah EAM | BM78: =IF(AY78>AD78,"Beban Malam","Beban Siang") -> Beban Siang | BN78: =IF(AD78<30,"Underload",IF(AD78<=80,"Baik",IF(AD78>80,"Overload"))) -> Baik | BO78: =IF(AY78<30,"Underload",IF(AY78<=80,"Baik",IF(AY78>80,"Overload"))) -> Underload | BP78: =IF(K78=3,IF(AE78>0.2,"TDK SEIMBANG","SEIMBANG"),IF(AI78="OL PHASA","TDK SEIMBANG","SEIMBANG")) -> SEIMBANG | BQ78: =IF(K78=3,IF(AZ78>0.2,"TDK SEIMBANG","SEIMBANG"),IF(BD78="OL PHASA","TDK SEIMBANG","SEIMBANG")) -> TDK SEIMBANG | BR78: =IF(K78=3,IF(SUM(AF78:AG78)>600,"NORMAL","DROP"),IF(AH78>198,"NORMAL","DROP")) -> NORMAL | BS78: =IF(K78=3,IF(SUM(BA78:BB78)>600,"NORMAL","DROP"),IF(BC78>198,"NORMAL","DROP")) -> DROP
A79: =C79&T79 -> K-272Jurusan 1 | C79: =IF(T79="","",C78) -> K-272 | T79: Jurusan 1 | U79: 43 | W79: 35 | Y79: 54 | AA79: 18 | AF79: 223 | AG79: 381 | AO79: Jurusan 1
A80: =C80&T80 -> K-272Jurusan 2 | C80: =IF(T80="","",C79) -> K-272 | T80: Jurusan 2 | AF80: 220 | AG80: 387 | AO80: Jurusan 2
A81: =C81&T81 -> K-272Jurusan 3 | C81: =IF(T81="","",C80) -> K-272 | T81: Jurusan 3 | AF81: 220 | AG81: 387 | AO81: Jurusan 3
A82: =C82&T82 | C82: =IF(T82="","",C81)
A83: =C83&T83 -> K-272,2Induk | B83: =B78+1 -> 16 | C83: K-272,2 | G83: TAMBANG ARAH KUD | I83: PORTAL | J83: 160 | K83: 3 | L83: 20 | M83: =+IF(K83=3,400,IF(K83=1,230,0)) -> 400 | N83: =(J83*1000)/((L83*1000)*1.73) -> 4.6242775 | O83: =IF(K83=3,(J83*1000)/(M83*1.73),(J83*1000)/(M83)) -> 231.21387 | T83: Induk | U83: =SUM(U84:U87) -> 22 | V83: =U83/O83*100 -> 9.515 | W83: =SUM(W84:W87) -> 43 | X83: =W83/O83*100 -> 18.5975 | Y83: =SUM(Y84:Y87) -> 30 | Z83: =Y83/O83*100 -> 12.975 | AA83: =SUM(AA84:AA87) -> 19 | AB83: =IF((K83=3),(AVERAGE(U83,W83,Y83)),U83) -> 31.666667 | AC83: =IFERROR(IF((K83=1),(AB83*AF83)/1000,(AB83*AG83*1.73)/1000),"0") -> 21.475067 | AD83: =AC83/J83*100 -> 13.421917 | AE83: =IF($K$8=1,"1 Phase",ABS(((U83/AB83)-1)+ABS((W83/AB83)-1)+ABS((Y83/AB83)-1))/3) -> 0.035087719 | AF83: =AVERAGE(AF84:AF87) -> 225.33333 | AG83: =AVERAGE(AG84:AG87) -> 392 | AH83: 226 | AI83: =IF(U83>O83,"OL PHASA","Normal") -> Normal | AJ83: =IF(W83>O83,"OL PHASA","Normal") -> Normal | AK83: =IF(Y83>O83,"OL PHASA","Normal") -> Normal | AL83: 12 | AM83: JAN | AN83: 2024 | AO83: Induk | AP83: 35 | AQ83: =AP83/O83*100 -> 15.1375 | AR83: 9 | AS83: =AR83/O83*100 -> 3.8925 | AT83: 70 | AU83: =AT83/O83*100 -> 30.275 | AV83: 61 | AW83: =IF((K83=3),(AVERAGE(AP83,AR83,AT83)),AP83) -> 38 | AX83: =IFERROR(IF((K83=1),(AW83*BA83)/1000,(AW83*BB83*1.73)/1000),"0") -> 25.9673 | AY83: =AX83/J83*100 -> 16.229563 | AZ83: =IF($K$8=1,"1 Phase",ABS(((AP83/AW83)-1)+ABS((AR83/AW83)-1)+ABS((AT83/AW83)-1))/3) -> 0.50877193 | BA83: 226 | BB83: 395 | BC83: 214 | BD83: =IF(AP83>O83,"OL PHASA","Normal") -> Normal | BE83: =IF(AR83>O83,"OL PHASA","Normal") -> Normal | BF83: =IF(AT83>O83,"OL PHASA","Normal") -> Normal | BG83: 6 | BH83: Active | BK83: 445 | BL83: Sudah EAM | BM83: =IF(AY83>AD83,"Beban Malam","Beban Siang") -> Beban Malam | BN83: =IF(AD83<30,"Underload",IF(AD83<=80,"Baik",IF(AD83>80,"Overload"))) -> Underload | BO83: =IF(AY83<30,"Underload",IF(AY83<=80,"Baik",IF(AY83>80,"Overload"))) -> Underload | BP83: =IF(K83=3,IF(AE83>0.2,"TDK SEIMBANG","SEIMBANG"),IF(AI83="OL PHASA","TDK SEIMBANG","SEIMBANG")) -> SEIMBANG | BQ83: =IF(K83=3,IF(AZ83>0.2,"TDK SEIMBANG","SEIMBANG"),IF(BD83="OL PHASA","TDK SEIMBANG","SEIMBANG")) -> TDK SEIMBANG | BR83: =IF(K83=3,IF(SUM(AF83:AG83)>600,"NORMAL","DROP"),IF(AH83>198,"NORMAL","DROP")) -> NORMAL | BS83: =IF(K83=3,IF(SUM(BA83:BB83)>600,"NORMAL","DROP"),IF(BC84>198,"NORMAL","DROP")) -> NORMAL
A84: =C84&T84 -> K-272,2Jurusan 1 | C84: =IF(T84="","",C83) -> K-272,2 | T84: Jurusan 1 | U84: 22 | W84: 43 | Y84: 30 | AA84: 19 | AF84: 225 | AG84: 394 | AO84: Jurusan 1 | BA84: 230 | BB84: 389
A85: =C85&T85 -> K-272,2Jurusan 2 | C85: =IF(T85="","",C84) -> K-272,2 | T85: Jurusan 2 | AF85: 227 | AG85: 389 | AO85: Jurusan 2 | BA85: 226 | BB85: 397.8
A86: =C86&T86 -> K-272,2Jurusan 3 | C86: =IF(T86="","",C85) -> K-272,2 | T86: Jurusan 3 | AF86: 224 | AG86: 393 | AO86: Jurusan 3
A87: =C87&T87 -> K-272,2Jurusan 4 | C87: =IF(T87="","",C86) -> K-272,2 | T87: Jurusan 4 | AO87: Jurusan 4
A88: =C88&T88 -> K-051Induk | B88: =B83+1 -> 17 | C88: K-051 | G88: KOMANGAAN SMP | J88: 50 | K88: 1 | L88: 20 | M88: =+IF(K88=3,400,IF(K88=1,230,0)) -> 230 | N88: =(J88*1000)/((L88*1000)*1.73) -> 1.4450867 | O88: =IF(K88=3,(J88*1000)/(M88*1.73),(J88*1000)/(M88)) -> 217.3913 | T88: Induk | U88: =SUM(U89:U92) -> 146 | V88: =U88/O88*100 -> 67.16 | W88: =SUM(W89:W92) -> 0 | X88: =W88/O88*100 -> 0 | Y88: =SUM(Y89:Y92) -> 0 | Z88: =Y88/O88*100 -> 0 | AA88: =SUM(AA89:AA92) -> 0 | AB88: =IF((K88=3),(AVERAGE(U88,W88,Y88)),U88) -> 146 | AC88: =IFERROR(IF((K88=1),(AB88*AF88)/1000,(AB88*AG88*1.73)/1000),"0") -> 35.332 | AD88: =AC88/J88*100 -> 70.664 | AE88: =IF($K$8=1,"1 Phase",ABS(((U88/AB88)-1)+ABS((W88/AB88)-1)+ABS((Y88/AB88)-1))/3) -> 0.66666667 | AF88: =AVERAGE(AF89:AF92) -> 242 | AG88: =AVERAGE(AG89:AG92) -> #DIV/0! | AH88: 202 | AI88: =IF(U88>O88,"OL PHASA","Normal") -> Normal | AJ88: =IF(W88>O88,"OL PHASA","Normal") -> Normal | AK88: =IF(Y88>O88,"OL PHASA","Normal") -> Normal | AL88: 14 | AM88: JAN | AN88: 2024 | AO88: Induk | AP88: 99 | AQ88: =AP88/O88*100 -> 45.54 | AR88: 0.7 | AS88: =AR88/O88*100 -> 0.322 | AT88: 102 | AU88: =AT88/O88*100 -> 46.92 | AV88: 102 | AW88: =IF((K88=3),(AVERAGE(AP88,AR88,AT88)),AP88) -> 99 | AX88: =IFERROR(IF((K88=1),(AW88*BA88)/1000,(AW88*BB88*1.73)/1000),"0") -> 24.651 | AY88: =AX88/J88*100 -> 49.302 | AZ88: =IF($K$8=1,"1 Phase",ABS(((AP88/AW88)-1)+ABS((AR88/AW88)-1)+ABS((AT88/AW88)-1))/3) -> 0.34107744 | BA88: 249 | BB88: 0 | BC88: 200 | BD88: =IF(AP88>O88,"OL PHASA","Normal") -> Normal | BE88: =IF(AR88>O88,"OL PHASA","Normal") -> Normal | BF88: =IF(AT88>O88,"OL PHASA","Normal") -> Normal | BG88: 6 | BH88: Active | BK88: 750 | BL88: Sudah EAM | BM88: =IF(AY88>AD88,"Beban Malam","Beban Siang") -> Beban Siang | BN88: =IF(AD88<30,"Underload",IF(AD88<=80,"Baik",IF(AD88>80,"Overload"))) -> Baik | BO88: =IF(AY88<30,"Underload",IF(AY88<=80,"Baik",IF(AY88>80,"Overload"))) -> Baik | BP88: =IF(K88=3,IF(AE88>0.2,"TDK SEIMBANG","SEIMBANG"),IF(AI88="OL PHASA","TDK SEIMBANG","SEIMBANG")) -> SEIMBANG | BQ88: =IF(K88=3,IF(AZ88>0.2,"TDK SEIMBANG","SEIMBANG"),IF(BD88="OL PHASA","TDK SEIMBANG","SEIMBANG")) -> SEIMBANG | BR88: =IF(K88=3,IF(SUM(AF88:AG88)>600,"NORMAL","DROP"),IF(AH88>198,"NORMAL","DROP")) -> NORMAL | BS88: =IF(K88=3,IF(SUM(BA88:BB88)>600,"NORMAL","DROP"),IF(BC88>198,"NORMAL","DROP")) -> NORMAL
A89: =C89&T89 -> K-051Jurusan 1 | C89: =IF(T89="","",C88) -> K-051 | T89: Jurusan 1 | U89: 146 | AF89: 242 | AO89: Jurusan 1
A90: =C90&T90 -> K-051Jurusan 2 | C90: =IF(T90="","",C89) -> K-051 | T90: Jurusan 2 | AO90: Jurusan 2
A91: =C91&T91 -> K-051Jurusan 3 | C91: =IF(T91="","",C90) -> K-051 | T91: Jurusan 3 | AO91: Jurusan 3
A92: =C92&T92 | C92: =IF(T92="","",C91)
A93: =C93&T93 -> Induk | B93: =B88+1 -> 18 | J93: 50 | K93: 3 | L93: 20 | M93: =+IF(K93=3,400,IF(K93=1,230,0)) -> 400 | N93: =(J93*1000)/((L93*1000)*1.73) -> 1.4450867 | O93: =IF(K93=3,(J93*1000)/(M93*1.73),(J93*1000)/(M93)) -> 72.254335 | T93: Induk | U93: =SUM(U94:U97) -> 39 | V93: =U93/O93*100 -> 53.976 | W93: =SUM(W94:W97) -> 27 | X93: =W93/O93*100 -> 37.368 | Y93: =SUM(Y94:Y97) -> 24 | Z93: =Y93/O93*100 -> 33.216 | AA93: =SUM(AA94:AA97) -> 23 | AB93: =IF((K93=3),(AVERAGE(U93,W93,Y93)),U93) -> 30 | AC93: =IFERROR(IF((K93=1),(AB93*AF93)/1000,(AB93*AG93*1.73)/1000),"0") -> 20.3967 | AD93: =AC93/J93*100 -> 40.7934 | AE93: =IF($K$8=1,"1 Phase",ABS(((U93/AB93)-1)+ABS((W93/AB93)-1)+ABS((Y93/AB93)-1))/3) -> 0.2 | AF93: =AVERAGE(AF94:AF97) -> 227 | AG93: =AVERAGE(AG94:AG97) -> 393 | AI93: =IF(U93>O93,"OL PHASA","Normal") -> Normal | AJ93: =IF(W93>O93,"OL PHASA","Normal") -> Normal | AK93: =IF(Y93>O93,"OL PHASA","Normal") -> Normal | AL93: 12 | AM93: JAN | AN93: 2024 | AO93: Induk | AP93: 33 | AQ93: =AP93/O93*100 -> 45.672 | AR93: 58 | AS93: =AR93/O93*100 -> 80.272 | AT93: 41 | AU93: 0 | AV93: 28 | AW93: =IF((K93=3),(AVERAGE(AP93,AR93,AT93)),AP93) -> 44 | AX93: =IFERROR(IF((K93=1),(AW93*BA93)/1000,(AW93*BB93*1.73)/1000),"0") -> 29.91516 | AY93: =AX93/J93*100 -> 59.83032 | AZ93: =IF($K$8=1,"1 Phase",ABS(((AP93/AW93)-1)+ABS((AR93/AW93)-1)+ABS((AT93/AW93)-1))/3) -> 0.045454545 | BA93: 229 | BB93: 393 | BD93: =IF(AP93>O93,"OL PHASA","Normal") -> Normal | BE93: =IF(AR93>O93,"OL PHASA","Normal") -> Normal | BF93: =IF(AT93>O93,"OL PHASA","Normal") -> Normal | BG93: 5 | BH93: Active | BK93: 800 | BL93: Sudah EAM | BM93: =IF(AY93>AD93,"Beban Malam","Beban Siang") -> Beban Malam | BN93: =IF(AD93<30,"Underload",IF(AD93<=80,"Baik",IF(AD93>80,"Overload"))) -> Baik | BO93: =IF(AY93<30,"Underload",IF(AY93<=80,"Baik",IF(AY93>80,"Overload"))) -> Baik | BP93: =IF(K93=3,IF(AE93>0.2,"TDK SEIMBANG","SEIMBANG"),IF(AI93="OL PHASA","TDK SEIMBANG","SEIMBANG")) -> SEIMBANG | BQ93: =IF(K93=3,IF(AZ93>0.2,"TDK SEIMBANG","SEIMBANG"),IF(BD93="OL PHASA","TDK SEIMBANG","SEIMBANG")) -> SEIMBANG | BR93: =IF(K93=3,IF(SUM(AF93:AG93)>600,"NORMAL","DROP"),IF(AH93>198,"NORMAL","DROP")) -> NORMAL | BS93: =IF(K93=3,IF(SUM(BA93:BB93)>600,"NORMAL","DROP"),IF(BC93>198,"NORMAL","DROP")) -> NORMAL
A94: =C94&T94 -> 0Jurusan 1 | C94: =IF(T94="","",C93) -> 0 | T94: Jurusan 1 | U94: 30 | W94: 20 | Y94: 14 | AA94: 18 | AF94: 227 | AG94: 393 | AO94: Jurusan 1 | BA94: 229 | BB94: 394 | BC94: 229
A95: =C95&T95 -> 0Jurusan 2 | C95: =IF(T95="","",C94) -> 0 | T95: Jurusan 2 | U95: 9 | W95: 7 | Y95: 10 | AA95: 5 | AO95: Jurusan 2 | BA95: 230 | BB95: 399 | BC95: 226
A96: =C96&T96 -> 0Jurusan 3 | C96: =IF(T96="","",C95) -> 0 | T96: Jurusan 3 | AO96: Jurusan 3
A97: =C97&T97 | C97: =IF(T97="","",C96)
A98: =C98&T98 -> Induk | B98: =B93+1 -> 19 | J98: 100 | K98: 3 | L98: 20 | M98: =+IF(K98=3,400,IF(K98=1,230,0)) -> 400 | N98: =(J98*1000)/((L98*1000)*1.73) -> 2.8901734 | O98: =IF(K98=3,(J98*1000)/(M98*1.73),(J98*1000)/(M98)) -> 144.50867 | P98: 22 | Q98: JAN | R98: 2024 | T98: Induk | U98: =SUM(U99:U102) -> 89 | V98: =U98/O98*100 -> 61.588 | W98: =SUM(W99:W102) -> 98 | X98: =W98/O98*100 -> 67.816 | Y98: =SUM(Y99:Y102) -> 104 | Z98: =Y98/O98*100 -> 71.968 | AA98: =SUM(AA99:AA102) -> 86 | AB98: =IF((K98=3),(AVERAGE(U98,W98,Y98)),U98) -> 97 | AC98: =IFERROR(IF((K98=1),(AB98*AF98)/1000,(AB98*AG98*1.73)/1000),"0") -> 56.71978 | AD98: =AC98/J98*100 -> 56.71978 | AE98: =IF($K$8=1,"1 Phase",ABS(((U98/AB98)-1)+ABS((W98/AB98)-1)+ABS((Y98/AB98)-1))/3) -> 3.7007434e-17 | AF98: 225 | AG98: 338 | AH98: 229 | AI98: =IF(U98>O98,"OL PHASA","Normal") -> Normal | AJ98: =IF(W98>O98,"OL PHASA","Normal") -> Normal | AK98: =IF(Y98>O98,"OL PHASA","Normal") -> Normal | AL98: 12 | AM98: JAN | AN98: 2024 | AO98: Induk | AP98: 17 | AQ98: =AP98/O98*100 -> 11.764 | AR98: 13 | AS98: =AR98/O98*100 -> 8.996 | AT98: 27 | AU98: =AT98/O98*100 -> 18.684 | AV98: 8 | AW98: =IF((K98=3),(AVERAGE(AP98,AR98,AT98)),AP98) -> 19 | AX98: =IFERROR(IF((K98=1),(AW98*BA98)/1000,(AW98*BB98*1.73)/1000),"0") -> 13.309063 | AY98: =AX98/J98*100 -> 13.309063 | AZ98: =IF($K$8=1,"1 Phase",ABS(((AP98/AW98)-1)+ABS((AR98/AW98)-1)+ABS((AT98/AW98)-1))/3) -> 0.21052632 | BA98: 233 | BB98: 404.9 | BD98: =IF(AP98>O98,"OL PHASA","Normal") -> Normal | BE98: =IF(AR98>O98,"OL PHASA","Normal") -> Normal | BF98: =IF(AT98>O98,"OL PHASA","Normal") -> Normal | BG98: Kabur | BH98: Active | BK98: 301 | BL98: Sudah EAM | BM98: =IF(AY98>AD98,"Beban Malam","Beban Siang") -> Beban Siang | BN98: =IF(AD98<30,"Underload",IF(AD98<=80,"Baik",IF(AD98>80,"Overload"))) -> Baik | BO98: =IF(AY98<30,"Underload",IF(AY98<=80,"Baik",IF(AY98>80,"Overload"))) -> Underload | BP98: =IF(K98=3,IF(AE98>0.2,"TDK SEIMBANG","SEIMBANG"),IF(AI98="OL PHASA","TDK SEIMBANG","SEIMBANG")) -> SEIMBANG | BQ98: =IF(K98=3,IF(AZ98>0.2,"TDK SEIMBANG","SEIMBANG"),IF(BD98="OL PHASA","TDK SEIMBANG","SEIMBANG")) -> TDK SEIMBANG | BR98: =IF(K98=3,IF(SUM(AF98:AG98)>600,"NORMAL","DROP"),IF(AH98>198,"NORMAL","DROP")) -> DROP | BS98: =IF(K98=3,IF(SUM(BA98:BB98)>600,"NORMAL","DROP"),IF(BC99>198,"NORMAL","DROP")) -> NORMAL
A99: =C99&T99 -> 0Jurusan 1 | C99: =IF(T99="","",C98) -> 0 | T99: Jurusan 1 | U99: 78 | W99: 63 | Y99: 52 | AA99: 48 | AF99: 225 | AG99: 336 | AO99: Jurusan 1 | AP99: 17 | AR99: 14 | AT99: 25 | AV99: 7 | BA99: 233 | BB99: 402 | BC99: 228
A100: =C100&T100 -> 0Jurusan 2 | C100: =IF(T100="","",C99) -> 0 | T100: Jurusan 2 | U100: 11 | W100: 35 | Y100: 52 | AA100: 38 | AF100: 223 | AG100: 334 | AO100: Jurusan 2 | BA100: 230 | BB100: 399.5
A101: =C101&T101 -> 0Jurusan 3 | C101: =IF(T101="","",C100) -> 0 | T101: Jurusan 3 | AO101: Jurusan 3
A102: =C102&T102 | C102: =IF(T102="","",C101)
...

Sheet DATA PENGEUKURAN GARDU
K1: Daya (kVA) | L1: Jlh Fasa | M1: Tegangan Nominal | O1: Arus Nominal | Q1: INDUK | AA1: JURUSAN 1 | AJ1: JURUSAN 2 | AS1: JURUSAN 3 | BB1: JURUSAN 4 | BK1: OVERLOAD PHASA | BT1: PEMBEBANAN | BU1: KESEIMBANGAN BEBAN | BV1: DROP TEGANGAN
F2: LOKASI | G2: ALAMAT | H2: KODE GARDU | I2: X | J2: Y | M2: PRI (KV) | N2: SEK (V) | O2: PRI (A) | P2: SEK (A) | Q2: ARUS R | R2: % | S2: ARUS S | T2: % | U2: ARUS T | V2: % | W2: ARUS N | X2: TEG PANGKAL (L-N) | Y2: TEG PANGKAL (L-L) | Z2: TEG UJUNG (L-N) | AA2: ARUS R | AB2: % | AC2: ARUS S | AD2: % | AE2: ARUS T | AF2: % | AG2: ARUS N | AH2: TEG PANGKAL (L-N) | AI2: TEG UJUNG (L-L) | AJ2: ARUS R | AK2: % | AL2: ARUS S | AM2: % | AN2: ARUS T | AO2: % | AP2: ARUS N | AQ2: TEG PANGKAL (L-N) | AR2: TEG UJUNG (L-N) | AS2: ARUS R | AT2: % | AU2: ARUS S | AV2: % | AW2: ARUS T | AX2: % | AY2: ARUS N | AZ2: TEG PANGKAL (L-N) | BA2: TEG UJUNG (L-N) | BB2: ARUS R | BC2: % | BD2: ARUS S | BE2: % | BF2: ARUS T | BG2: % | BH2: ARUS N | BI2: TEG PANGKAL (L-N) | BJ2: TEG UJUNG (L-N) | BK2: R | BL2: S | BM2: T | BN2: RATA2 ARUS | BO2: BEBAN KVA | BP2: BEBAN TRAFO % | BQ2: KEIMBANGAN BEBAN | BR2: PANJANG JTR KMS | BS2: TANGGAL & JAM UKUR | BT2: MALAM | BU2: MALAM | BV2: MALAM
A3: =H3&"Induk" -> BB 143.1Induk | B3: =H3&"jurusan 1" -> BB 143.1jurusan 1 | C3: =H3&"jurusan 2" -> BB 143.1jurusan 2 | D3: =H3&"jurusan 3" -> BB 143.1jurusan 3 | E3: =H3&"jurusan 4" -> BB 143.1jurusan 4 | F3: BIGO SELATAN | G3: BOLAANG MONGONDOW UTARA | H3: BB 143.1 | I3: 0.89482 | J3: 123.26336 | N3: =+IF(L3=3,400,IF(L3=1,230,0)) -> 0 | O3: =(K3*1000)/((M3*1000)*1.73) -> #VALUE! | P3: =IF(L3=3,(K3*1000)/(N3*1.73),(K3*1000)/(N3)) -> #VALUE! | Q3: =VLOOKUP($A3,'DATA PENGUKURAN GARDU'!$A:$BS,42,0) -> #N/A | R3: =Q3/$P3*100 -> #N/A | S3: =VLOOKUP($A3,'DATA PENGUKURAN GARDU'!$A:$BS,44,0) -> #N/A | T3: =S3/$P3*100 -> #N/A | U3: =VLOOKUP($A3,'DATA PENGUKURAN GARDU'!$A:$BS,46,0) -> #N/A | V3: =U3/$P3*100 -> #N/A | W3: =VLOOKUP($A3,'DATA PENGUKURAN GARDU'!$A:$BS,48,0) -> #N/A | X3: =VLOOKUP($A3,'DATA PENGUKURAN GARDU'!$A:$BS,53,0) -> #N/A | Y3: =VLOOKUP($A3,'DATA PENGUKURAN GARDU'!$A:$BS,54,0) -> #N/A | Z3: =VLOOKUP($A3,'DATA PENGUKURAN GARDU'!$A:$BS,55,0) -> #N/A | AA3: =VLOOKUP($B3,'DATA PENGUKURAN GARDU'!$A:$BS,42,0) -> #N/A | AB3: =AA3/$P3*100 -> #N/A | AC3: =VLOOKUP($B3,'DATA PENGUKURAN GARDU'!$A:$BS,44,0) -> #N/A | AD3: =AC3/$P3*100 -> #N/A | AE3: =VLOOKUP($B3,'DATA PENGUKURAN GARDU'!$A:$BS,46,0) -> #N/A | AF3: =AE3/$P3*100 -> #N/A | AG3: =VLOOKUP($B3,'DATA PENGUKURAN GARDU'!$A:$BS,46,0) -> #N/A | AH3: =VLOOKUP($B3,'DATA PENGUKURAN GARDU'!$A:$BS,53,0) -> #N/A | AI3: =VLOOKUP($B3,'DATA PENGUKURAN GARDU'!$A:$BS,54,0) -> #N/A | AJ3: =VLOOKUP($C3,'DATA PENGUKURAN GARDU'!$A:$BS,42,0) -> #N/A | AK3: =AJ3/$P3*100 -> #N/A | AL3: =VLOOKUP($C3,'DATA PENGUKURAN GARDU'!$A:$BS,44,0) -> #N/A | AM3: =AL3/$P3*100 -> #N/A | AN3: =VLOOKUP($C3,'DATA PENGUKURAN GARDU'!$A:$BS,46,0) -> #N/A | AO3: =AN3/$P3*100 -> #N/A | AP3: =VLOOKUP($C3,'DATA PENGUKURAN GARDU'!$A:$BS,46,0) -> #N/A | AQ3: =VLOOKUP($C3,'DATA PENGUKURAN GARDU'!$A:$BS,53,0) -> #N/A | AR3: =VLOOKUP($C3,'DATA PENGUKURAN GARDU'!$A:$BS,54,0) -> #N/A | AS3: =VLOOKUP($D3,'DATA PENGUKURAN GARDU'!$A:$BS,42,0) -> #N/A | AT3: =AS3/$P3*100 -> #N/A | AU3: =VLOOKUP($D3,'DATA PENGUKURAN GARDU'!$A:$BS,44,0) -> #N/A | AV3: =AU3/$P3*100 -> #N/A | AW3: =VLOOKUP($D3,'DATA PENGUKURAN GARDU'!$A:$BS,46,0) -> #N/A | AX3: =AW3/$P3*100 -> #N/A | AY3: =VLOOKUP($D3,'DATA PENGUKURAN GARDU'!$A:$BS,46,0) -> #N/A | AZ3: =VLOOKUP($D3,'DATA PENGUKURAN GARDU'!$A:$BS,53,0) -> #N/A | BA3: =VLOOKUP($D3,'DATA PENGUKURAN GARDU'!$A:$BS,54,0) -> #N/A | BB3: =VLOOKUP($E3,'DATA PENGUKURAN GARDU'!$A:$BS,42,0) -> #N/A | BC3: =BB3/$P3*100 -> #N/A | BD3: =VLOOKUP($E3,'DATA PENGUKURAN GARDU'!$A:$BS,44,0) -> #N/A | BE3: =BD3/$P3*100 -> #N/A | BF3: =VLOOKUP($E3,'DATA PENGUKURAN GARDU'!$A:$BS,46,0) -> #N/A | BG3: =BF3/$P3*100 -> #N/A | BH3: =VLOOKUP($E3,'DATA PENGUKURAN GARDU'!$A:$BS,46,0) -> #N/A | BI3: =VLOOKUP($E3,'DATA PENGUKURAN GARDU'!$A:$BS,53,0) -> #N/A | BJ3: =VLOOKUP($E3,'DATA PENGUKURAN GARDU'!$A:$BS,54,0) -> #N/A | BK3: =IF(Q3>P3,"OL PHASA","Normal") -> #N/A | BL3: =IF(S3>P3,"OL PHASA","Normal") -> #N/A | BM3: =IF(U3>P3,"OL PHASA","Normal") -> #N/A | BN3: =IF((L3=3),(AVERAGE(Q3,S3,U3)),MAX(Q3,S3,U3)) -> #N/A | BO3: =IFERROR(IF((L3=1),(BN3*AH3)/1000,(BN3*AI3*1.73)/1000),"0") -> 0 | BP3: =BO3/K3*100 -> #VALUE! | BQ3: =IF($L3=1,"1 Phase",ABS(((Q3/BN3)-1)+ABS((S3/BN3)-1)+ABS((U3/BN3)-1))/3) -> #N/A | BR3: #N/A | BS3: #N/A | BT3: =IF(BP3<30,"Underload",IF(BP3<=80,"Baik",IF(BP3>80,"Overload"))) -> #VALUE! | BU3: =IF(L3=3,IF(BQ3>0.2,"TDK SEIMBANG","SEIMBANG"),IF(BM3="OL PHASA","TDK SEIMBANG","SEIMBANG")) -> #N/A | BV3: =IF(L3=3,IF(SUM(X3:Y3)>600,"NORMAL","DROP"),IF(BD8>198,"NORMAL","DROP")) -> #N/A
A4: =H4&"Induk" -> KMO 215Induk | B4: =H4&"jurusan 1" -> KMO 215jurusan 1 | C4: =H4&"jurusan 2" -> KMO 215jurusan 2 | D4: =H4&"jurusan 3" -> KMO 215jurusan 3 | E4: =H4&"jurusan 4" -> KMO 215jurusan 4 | F4: BUYAT | G4: BOLAANG MONGONDOW TIMUR | H4: KMO 215 | I4: 0.85049599 | J4: 124.68857 | N4: =+IF(L4=3,400,IF(L4=1,230,0)) -> 0 | O4: =(K4*1000)/((M4*1000)*1.73) -> #VALUE! | P4: =IF(L4=3,(K4*1000)/(N4*1.73),(K4*1000)/(N4)) -> #VALUE! | Q4: =VLOOKUP($A4,'DATA PENGUKURAN GARDU'!$A:$BS,42,0) -> #N/A | R4: =Q4/$P4*100 -> #N/A | S4: =VLOOKUP($A4,'DATA PENGUKURAN GARDU'!$A:$BS,44,0) -> #N/A | T4: =S4/$P4*100 -> #N/A | U4: =VLOOKUP($A4,'DATA PENGUKURAN GARDU'!$A:$BS,46,0) -> #N/A | V4: =U4/$P4*100 -> #N/A | W4: =VLOOKUP($A4,'DATA PENGUKURAN GARDU'!$A:$BS,48,0) -> #N/A | X4: =VLOOKUP($A4,'DATA PENGUKURAN GARDU'!$A:$BS,53,0) -> #N/A | Y4: =VLOOKUP($A4,'DATA PENGUKURAN GARDU'!$A:$BS,54,0) -> #N/A | Z4: =VLOOKUP($A4,'DATA PENGUKURAN GARDU'!$A:$BS,55,0) -> #N/A | AA4: =VLOOKUP($B4,'DATA PENGUKURAN GARDU'!$A:$BS,42,0) -> #N/A | AB4: =AA4/$P4*100 -> #N/A | AC4: =VLOOKUP($B4,'DATA PENGUKURAN GARDU'!$A:$BS,44,0) -> #N/A | AD4: =AC4/$P4*100 -> #N/A | AE4: =VLOOKUP($B4,'DATA PENGUKURAN GARDU'!$A:$BS,46,0) -> #N/A | AF4: =AE4/$P4*100 -> #N/A | AG4: =VLOOKUP($B4,'DATA PENGUKURAN GARDU'!$A:$BS,46,0) -> #N/A | AH4: =VLOOKUP($B4,'DATA PENGUKURAN GARDU'!$A:$BS,53,0) -> #N/A | AI4: =VLOOKUP($B4,'DATA PENGUKURAN GARDU'!$A:$BS,54,0) -> #N/A | AJ4: =VLOOKUP($C4,'DATA PENGUKURAN GARDU'!$A:$BS,42,0) -> #N/A | AK4: =AJ4/$P4*100 -> #N/A | AL4: =VLOOKUP($C4,'DATA PENGUKURAN GARDU'!$A:$BS,44,0) -> #N/A | AM4: =AL4/$P4*100 -> #N/A | AN4: =VLOOKUP($C4,'DATA PENGUKURAN GARDU'!$A:$BS,46,0) -> #N/A | AO4: =AN4/$P4*100 -> #N/A | AP4: =VLOOKUP($C4,'DATA PENGUKURAN GARDU'!$A:$BS,46,0) -> #N/A | AQ4: =VLOOKUP($C4,'DATA PENGUKURAN GARDU'!$A:$BS,53,0) -> #N/A | AR4: =VLOOKUP($C4,'DATA PENGUKURAN GARDU'!$A:$BS,54,0) -> #N/A | AS4: =VLOOKUP($D4,'DATA PENGUKURAN GARDU'!$A:$BS,42,0) -> #N/A | AT4: =AS4/$P4*100 -> #N/A | AU4: =VLOOKUP($D4,'DATA PENGUKURAN GARDU'!$A:$BS,44,0) -> #N/A | AV4: =AU4/$P4*100 -> #N/A | AW4: =VLOOKUP($D4,'DATA PENGUKURAN GARDU'!$A:$BS,46,0) -> #N/A | AX4: =AW4/$P4*100 -> #N/A | AY4: =VLOOKUP($D4,'DATA PENGUKURAN GARDU'!$A:$BS,46,0) -> #N/A | AZ4: =VLOOKUP($D4,'DATA PENGUKURAN GARDU'!$A:$BS,53,0) -> #N/A | BA4: =VLOOKUP($D4,'DATA PENGUKURAN GARDU'!$A:$BS,54,0) -> #N/A | BB4: =VLOOKUP($E4,'DATA PENGUKURAN GARDU'!$A:$BS,42,0) -> #N/A | BC4: =BB4/$P4*100 -> #N/A | BD4: =VLOOKUP($E4,'DATA PENGUKURAN GARDU'!$A:$BS,44,0) -> #N/A | BE4: =BD4/$P4*100 -> #N/A | BF4: =VLOOKUP($E4,'DATA PENGUKURAN GARDU'!$A:$BS,46,0) -> #N/A | BG4: =BF4/$P4*100 -> #N/A | BH4: =VLOOKUP($E4,'DATA PENGUKURAN GARDU'!$A:$BS,46,0) -> #N/A | BI4: =VLOOKUP($E4,'DATA PENGUKURAN GARDU'!$A:$BS,53,0) -> #N/A | BJ4: =VLOOKUP($E4,'DATA PENGUKURAN GARDU'!$A:$BS,54,0) -> #N/A | BK4: =IF(Q4>P4,"OL PHASA","Normal") -> #N/A | BL4: =IF(S4>P4,"OL PHASA","Normal") -> #N/A | BM4: =IF(U4>P4,"OL PHASA","Normal") -> #N/A | BN4: =IF((L4=3),(AVERAGE(Q4,S4,U4)),MAX(Q4,S4,U4)) -> #N/A | BO4: =IFERROR(IF((L4=1),(BN4*AH4)/1000,(BN4*AI4*1.73)/1000),"0") -> 0 | BP4: =BO4/K4*100 -> #VALUE! | BQ4: =IF($L4=1,"1 Phase",ABS(((Q4/BN4)-1)+ABS((S4/BN4)-1)+ABS((U4/BN4)-1))/3) -> #N/A | BR4: #N/A | BS4: #N/A | BT4: =IF(BP4<30,"Underload",IF(BP4<=80,"Baik",IF(BP4>80,"Overload"))) -> #VALUE! | BU4: =IF(L4=3,IF(BQ4>0.2,"TDK SEIMBANG","SEIMBANG"),IF(BM4="OL PHASA","TDK SEIMBANG","SEIMBANG")) -> #N/A | BV4: =IF(L4=3,IF(SUM(X4:Y4)>600,"NORMAL","DROP"),IF(BD9>198,"NORMAL","DROP")) -> #N/A
A5: =H5&"Induk" -> KMO 216Induk | B5: =H5&"jurusan 1" -> KMO 216jurusan 1 | C5: =H5&"jurusan 2" -> KMO 216jurusan 2 | D5: =H5&"jurusan 3" -> KMO 216jurusan 3 | E5: =H5&"jurusan 4" -> KMO 216jurusan 4 | F5: BUYAT | G5: BOLAANG MONGONDOW TIMUR | H5: KMO 216 | I5: 0.85150701 | J5: 124.68964 | N5: =+IF(L5=3,400,IF(L5=1,230,0)) -> 0 | O5: =(K5*1000)/((M5*1000)*1.73) -> #VALUE! | P5: =IF(L5=3,(K5*1000)/(N5*1.73),(K5*1000)/(N5)) -> #VALUE! | Q5: =VLOOKUP($A5,'DATA PENGUKURAN GARDU'!$A:$BS,42,0) -> #N/A | R5: =Q5/$P5*100 -> #N/A | S5: =VLOOKUP($A5,'DATA PENGUKURAN GARDU'!$A:$BS,44,0) -> #N/A | T5: =S5/$P5*100 -> #N/A | U5: =VLOOKUP($A5,'DATA PENGUKURAN GARDU'!$A:$BS,46,0) -> #N/A | V5: =U5/$P5*100 -> #N/A | W5: =VLOOKUP($A5,'DATA PENGUKURAN GARDU'!$A:$BS,48,0) -> #N/A | X5: =VLOOKUP($A5,'DATA PENGUKURAN GARDU'!$A:$BS,53,0) -> #N/A | Y5: =VLOOKUP($A5,'DATA PENGUKURAN GARDU'!$A:$BS,54,0) -> #N/A | Z5: =VLOOKUP($A5,'DATA PENGUKURAN GARDU'!$A:$BS,55,0) -> #N/A | AA5: =VLOOKUP($B5,'DATA PENGUKURAN GARDU'!$A:$BS,42,0) -> #N/A | AB5: =AA5/$P5*100 -> #N/A | AC5: =VLOOKUP($B5,'DATA PENGUKURAN GARDU'!$A:$BS,44,0) -> #N/A | AD5: =AC5/$P5*100 -> #N/A | AE5: =VLOOKUP($B5,'DATA PENGUKURAN GARDU'!$A:$BS,46,0) -> #N/A | AF5: =AE5/$P5*100 -> #N/A | AG5: =VLOOKUP($B5,'DATA PENGUKURAN GARDU'!$A:$BS,46,0) -> #N/A | AH5: =VLOOKUP($B5,'DATA PENGUKURAN GARDU'!$A:$BS,53,0) -> #N/A | AI5: =VLOOKUP($B5,'DATA PENGUKURAN GARDU'!$A:$BS,54,0) -> #N/A | AJ5: =VLOOKUP($C5,'DATA PENGUKURAN GARDU'!$A:$BS,42,0) -> #N/A | AK5: =AJ5/$P5*100 -> #N/A | AL5: =VLOOKUP($C5,'DATA PENGUKURAN GARDU'!$A:$BS,44,0) -> #N/A | AM5: =AL5/$P5*100 -> #N/A | AN5: =VLOOKUP($C5,'DATA PENGUKURAN GARDU'!$A:$BS,46,0) -> #N/A | AO5: =AN5/$P5*100 -> #N/A | AP5: =VLOOKUP($C5,'DATA PENGUKURAN GARDU'!$A:$BS,46,0) -> #N/A | AQ5: =VLOOKUP($C5,'DATA PENGUKURAN GARDU'!$A:$BS,53,0) -> #N/A | AR5: =VLOOKUP($C5,'DATA PENGUKURAN GARDU'!$A:$BS,54,0) -> #N/A | AS5: =VLOOKUP($D5,'DATA PENGUKURAN GARDU'!$A:$BS,42,0) -> #N/A | AT5: =AS5/$P5*100 -> #N/A | AU5: =VLOOKUP($D5,'DATA PENGUKURAN GARDU'!$A:$BS,44,0) -> #N/A | AV5: =AU5/$P5*100 -> #N/A | AW5: =VLOOKUP($D5,'DATA PENGUKURAN GARDU'!$A:$BS,46,0) -> #N/A | AX5: =AW5/$P5*100 -> #N/A | AY5: =VLOOKUP($D5,'DATA PENGUKURAN GARDU'!$A:$BS,46,0) -> #N/A | AZ5: =VLOOKUP($D5,'DATA PENGUKURAN GARDU'!$A:$BS,53,0) -> #N/A | BA5: =VLOOKUP($D5,'DATA PENGUKURAN GARDU'!$A:$BS,54,0) -> #N/A | BB5: =VLOOKUP($E5,'DATA PENGUKURAN GARDU'!$A:$BS,42,0) -> #N/A | BC5: =BB5/$P5*100 -> #N/A | BD5: =VLOOKUP($E5,'DATA PENGUKURAN GARDU'!$A:$BS,44,0) -> #N/A | BE5: =BD5/$P5*100 -> #N/A | BF5: =VLOOKUP($E5,'DATA PENGUKURAN GARDU'!$A:$BS,46,0) -> #N/A | BG5: =BF5/$P5*100 -> #N/A | BH5: =VLOOKUP($E5,'DATA PENGUKURAN GARDU'!$A:$BS,46,0) -> #N/A | BI5: =VLOOKUP($E5,'DATA PENGUKURAN GARDU'!$A:$BS,53,0) -> #N/A | BJ5: =VLOOKUP($E5,'DATA PENGUKURAN GARDU'!$A:$BS,54,0) -> #N/A | BK5: =IF(Q5>P5,"OL PHASA","Normal") -> #N/A | BL5: =IF(S5>P5,"OL PHASA","Normal") -> #N/A | BM5: =IF(U5>P5,"OL PHASA","Normal") -> #N/A | BN5: =IF((L5=3),(AVERAGE(Q5,S5,U5)),MAX(Q5,S5,U5)) -> #N/A | BO5: =IFERROR(IF((L5=1),(BN5*AH5)/1000,(BN5*AI5*1.73)/1000),"0") -> 0 | BP5: =BO5/K5*100 -> #VALUE! | BQ5: =IF($L5=1,"1 Phase",ABS(((Q5/BN5)-1)+ABS((S5/BN5)-1)+ABS((U5/BN5)-1))/3) -> #N/A | BR5: #N/A | BS5: #N/A | BT5: =IF(BP5<30,"Underload",IF(BP5<=80,"Baik",IF(BP5>80,"Overload"))) -> #VALUE! | BU5: =IF(L5=3,IF(BQ5>0.2,"TDK SEIMBANG","SEIMBANG"),IF(BM5="OL PHASA","TDK SEIMBANG","SEIMBANG")) -> #N/A | BV5: =IF(L5=3,IF(SUM(X5:Y5)>600,"NORMAL","DROP"),IF(BD10>198,"NORMAL","DROP")) -> #N/A
A6: =H6&"Induk" -> KMO 12Induk | B6: =H6&"jurusan 1" -> KMO 12jurusan 1 | C6: =H6&"jurusan 2" -> KMO 12jurusan 2 | D6: =H6&"jurusan 3" -> KMO 12jurusan 3 | E6: =H6&"jurusan 4" -> KMO 12jurusan 4 | F6: BONGKUDAI | G6: BOLAANG MONGONDOW TIMUR | H6: KMO 12 | I6: 0.71572 | J6: 124.37167 | N6: =+IF(L6=3,400,IF(L6=1,230,0)) -> 0 | O6: =(K6*1000)/((M6*1000)*1.73) -> #VALUE! | P6: =IF(L6=3,(K6*1000)/(N6*1.73),(K6*1000)/(N6)) -> #VALUE! | Q6: =VLOOKUP($A6,'DATA PENGUKURAN GARDU'!$A:$BS,42,0) -> #N/A | R6: =Q6/$P6*100 -> #N/A | S6: =VLOOKUP($A6,'DATA PENGUKURAN GARDU'!$A:$BS,44,0) -> #N/A | T6: =S6/$P6*100 -> #N/A | U6: =VLOOKUP($A6,'DATA PENGUKURAN GARDU'!$A:$BS,46,0) -> #N/A | V6: =U6/$P6*100 -> #N/A | W6: =VLOOKUP($A6,'DATA PENGUKURAN GARDU'!$A:$BS,48,0) -> #N/A | X6: =VLOOKUP($A6,'DATA PENGUKURAN GARDU'!$A:$BS,53,0) -> #N/A | Y6: =VLOOKUP($A6,'DATA PENGUKURAN GARDU'!$A:$BS,54,0) -> #N/A | Z6: =VLOOKUP($A6,'DATA PENGUKURAN GARDU'!$A:$BS,55,0) -> #N/A | AA6: =VLOOKUP($B6,'DATA PENGUKURAN GARDU'!$A:$BS,42,0) -> #N/A | AB6: =AA6/$P6*100 -> #N/A | AC6: =VLOOKUP($B6,'DATA PENGUKURAN GARDU'!$A:$BS,44,0) -> #N/A | AD6: =AC6/$P6*100 -> #N/A | AE6: =VLOOKUP($B6,'DATA PENGUKURAN GARDU'!$A:$BS,46,0) -> #N/A | AF6: =AE6/$P6*100 -> #N/A | AG6: =VLOOKUP($B6,'DATA PENGUKURAN GARDU'!$A:$BS,46,0) -> #N/A | AH6: =VLOOKUP($B6,'DATA PENGUKURAN GARDU'!$A:$BS,53,0) -> #N/A | AI6: =VLOOKUP($B6,'DATA PENGUKURAN GARDU'!$A:$BS,54,0) -> #N/A | AJ6: =VLOOKUP($C6,'DATA PENGUKURAN GARDU'!$A:$BS,42,0) -> #N/A | AK6: =AJ6/$P6*100 -> #N/A | AL6: =VLOOKUP($C6,'DATA PENGUKURAN GARDU'!$A:$BS,44,0) -> #N/A | AM6: =AL6/$P6*100 -> #N/A | AN6: =VLOOKUP($C6,'DATA PENGUKURAN GARDU'!$A:$BS,46,0) -> #N/A | AO6: =AN6/$P6*100 -> #N/A | AP6: =VLOOKUP($C6,'DATA PENGUKURAN GARDU'!$A:$BS,46,0) -> #N/A | AQ6: =VLOOKUP($C6,'DATA PENGUKURAN GARDU'!$A:$BS,53,0) -> #N/A | AR6: =VLOOKUP($C6,'DATA PENGUKURAN GARDU'!$A:$BS,54,0) -> #N/A | AS6: =VLOOKUP($D6,'DATA PENGUKURAN GARDU'!$A:$BS,42,0) -> #N/A | AT6: =AS6/$P6*100 -> #N/A | AU6: =VLOOKUP($D6,'DATA PENGUKURAN GARDU'!$A:$BS,44,0) -> #N/A | AV6: =AU6/$P6*100 -> #N/A | AW6: =VLOOKUP($D6,'DATA PENGUKURAN GARDU'!$A:$BS,46,0) -> #N/A | AX6: =AW6/$P6*100 -> #N/A | AY6: =VLOOKUP($D6,'DATA PENGUKURAN GARDU'!$A:$BS,46,0) -> #N/A | AZ6: =VLOOKUP($D6,'DATA PENGUKURAN GARDU'!$A:$BS,53,0) -> #N/A | BA6: =VLOOKUP($D6,'DATA PENGUKURAN GARDU'!$A:$BS,54,0) -> #N/A | BB6: =VLOOKUP($E6,'DATA PENGUKURAN GARDU'!$A:$BS,42,0) -> #N/A | BC6: =BB6/$P6*100 -> #N/A | BD6: =VLOOKUP($E6,'DATA PENGUKURAN GARDU'!$A:$BS,44,0) -> #N/A | BE6: =BD6/$P6*100 -> #N/A | BF6: =VLOOKUP($E6,'DATA PENGUKURAN GARDU'!$A:$BS,46,0) -> #N/A | BG6: =BF6/$P6*100 -> #N/A | BH6: =VLOOKUP($E6,'DATA PENGUKURAN GARDU'!$A:$BS,46,0) -> #N/A | BI6: =VLOOKUP($E6,'DATA PENGUKURAN GARDU'!$A:$BS,53,0) -> #N/A | BJ6: =VLOOKUP($E6,'DATA PENGUKURAN GARDU'!$A:$BS,54,0) -> #N/A | BK6: =IF(Q6>P6,"OL PHASA","Normal") -> #N/A | BL6: =IF(S6>P6,"OL PHASA","Normal") -> #N/A | BM6: =IF(U6>P6,"OL PHASA","Normal") -> #N/A | BN6: =IF((L6=3),(AVERAGE(Q6,S6,U6)),MAX(Q6,S6,U6)) -> #N/A | BO6: =IFERROR(IF((L6=1),(BN6*AH6)/1000,(BN6*AI6*1.73)/1000),"0") -> 0 | BP6: =BO6/K6*100 -> #VALUE! | BQ6: =IF($L6=1,"1 Phase",ABS(((Q6/BN6)-1)+ABS((S6/BN6)-1)+ABS((U6/BN6)-1))/3) -> #N/A | BR6: #N/A | BS6: #N/A | BT6: =IF(BP6<30,"Underload",IF(BP6<=80,"Baik",IF(BP6>80,"Overload"))) -> #VALUE! | BU6: =IF(L6=3,IF(BQ6>0.2,"TDK SEIMBANG","SEIMBANG"),IF(BM6="OL PHASA","TDK SEIMBANG","SEIMBANG")) -> #N/A | BV6: =IF(L6=3,IF(SUM(X6:Y6)>600,"NORMAL","DROP"),IF(BD11>198,"NORMAL","DROP")) -> #N/A
A7: =H7&"Induk" -> KMO 15Induk | B7: =H7&"jurusan 1" -> KMO 15jurusan 1 | C7: =H7&"jurusan 2" -> KMO 15jurusan 2 | D7: =H7&"jurusan 3" -> KMO 15jurusan 3 | E7: =H7&"jurusan 4" -> KMO 15jurusan 4 | F7: BONGKUDAI | G7: BOLAANG MONGONDOW TIMUR | H7: KMO 15 | I7: 0.71509397 | J7: 124.37309 | N7: =+IF(L7=3,400,IF(L7=1,230,0)) -> 0 | O7: =(K7*1000)/((M7*1000)*1.73) -> #VALUE! | P7: =IF(L7=3,(K7*1000)/(N7*1.73),(K7*1000)/(N7)) -> #VALUE! | Q7: =VLOOKUP($A7,'DATA PENGUKURAN GARDU'!$A:$BS,42,0) -> #N/A | R7: =Q7/$P7*100 -> #N/A | S7: =VLOOKUP($A7,'DATA PENGUKURAN GARDU'!$A:$BS,44,0) -> #N/A | T7: =S7/$P7*100 -> #N/A | U7: =VLOOKUP($A7,'DATA PENGUKURAN GARDU'!$A:$BS,46,0) -> #N/A | V7: =U7/$P7*100 -> #N/A | W7: =VLOOKUP($A7,'DATA PENGUKURAN GARDU'!$A:$BS,48,0) -> #N/A | X7: =VLOOKUP($A7,'DATA PENGUKURAN GARDU'!$A:$BS,53,0) -> #N/A | Y7: =VLOOKUP($A7,'DATA PENGUKURAN GARDU'!$A:$BS,54,0) -> #N/A | Z7: =VLOOKUP($A7,'DATA PENGUKURAN GARDU'!$A:$BS,55,0) -> #N/A | AA7: =VLOOKUP($B7,'DATA PENGUKURAN GARDU'!$A:$BS,42,0) -> #N/A | AB7: =AA7/$P7*100 -> #N/A | AC7: =VLOOKUP($B7,'DATA PENGUKURAN GARDU'!$A:$BS,44,0) -> #N/A | AD7: =AC7/$P7*100 -> #N/A | AE7: =VLOOKUP($B7,'DATA PENGUKURAN GARDU'!$A:$BS,46,0) -> #N/A | AF7: =AE7/$P7*100 -> #N/A | AG7: =VLOOKUP($B7,'DATA PENGUKURAN GARDU'!$A:$BS,46,0) -> #N/A | AH7: =VLOOKUP($B7,'DATA PENGUKURAN GARDU'!$A:$BS,53,0) -> #N/A | AI7: =VLOOKUP($B7,'DATA PENGUKURAN GARDU'!$A:$BS,54,0) -> #N/A | AJ7: =VLOOKUP($C7,'DATA PENGUKURAN GARDU'!$A:$BS,42,0) -> #N/A | AK7: =AJ7/$P7*100 -> #N/A | AL7: =VLOOKUP($C7,'DATA PENGUKURAN GARDU'!$A:$BS,44,0) -> #N/A | AM7: =AL7/$P7*100 -> #N/A | AN7: =VLOOKUP($C7,'DATA PENGUKURAN GARDU'!$A:$BS,46,0) -> #N/A | AO7: =AN7/$P7*100 -> #N/A | AP7: =VLOOKUP($C7,'DATA PENGUKURAN GARDU'!$A:$BS,46,0) -> #N/A | AQ7: =VLOOKUP($C7,'DATA PENGUKURAN GARDU'!$A:$BS,53,0) -> #N/A | AR7: =VLOOKUP($C7,'DATA PENGUKURAN GARDU'!$A:$BS,54,0) -> #N/A | AS7: =VLOOKUP($D7,'DATA PENGUKURAN GARDU'!$A:$BS,42,0) -> #N/A | AT7: =AS7/$P7*100 -> #N/A | AU7: =VLOOKUP($D7,'DATA PENGUKURAN GARDU'!$A:$BS,44,0) -> #N/A | AV7: =AU7/$P7*100 -> #N/A | AW7: =VLOOKUP($D7,'DATA PENGUKURAN GARDU'!$A:$BS,46,0) -> #N/A | AX7: =AW7/$P7*100 -> #N/A | AY7: =VLOOKUP($D7,'DATA PENGUKURAN GARDU'!$A:$BS,46,0) -> #N/A | AZ7: =VLOOKUP($D7,'DATA PENGUKURAN GARDU'!$A:$BS,53,0) -> #N/A | BA7: =VLOOKUP($D7,'DATA PENGUKURAN GARDU'!$A:$BS,54,0) -> #N/A | BB7: =VLOOKUP($E7,'DATA PENGUKURAN GARDU'!$A:$BS,42,0) -> #N/A | BC7: =BB7/$P7*100 -> #N/A | BD7: =VLOOKUP($E7,'DATA PENGUKURAN GARDU'!$A:$BS,44,0) -> #N/A | BE7: =BD7/$P7*100 -> #N/A | BF7: =VLOOKUP($E7,'DATA PENGUKURAN GARDU'!$A:$BS,46,0) -> #N/A | BG7: =BF7/$P7*100 -> #N/A | BH7: =VLOOKUP($E7,'DATA PENGUKURAN GARDU'!$A:$BS,46,0) -> #N/A | BI7: =VLOOKUP($E7,'DATA PENGUKURAN GARDU'!$A:$BS,53,0) -> #N/A | BJ7: =VLOOKUP($E7,'DATA PENGUKURAN GARDU'!$A:$BS,54,0) -> #N/A | BK7: =IF(Q7>P7,"OL PHASA","Normal") -> #N/A | BL7: =IF(S7>P7,"OL PHASA","Normal") -> #N/A | BM7: =IF(U7>P7,"OL PHASA","Normal") -> #N/A | BN7: =IF((L7=3),(AVERAGE(Q7,S7,U7)),MAX(Q7,S7,U7)) -> #N/A | BO7: =IFERROR(IF((L7=1),(BN7*AH7)/1000,(BN7*AI7*1.73)/1000),"0") -> 0 | BP7: =BO7/K7*100 -> #VALUE! | BQ7: =IF($L7=1,"1 Phase",ABS(((Q7/BN7)-1)+ABS((S7/BN7)-1)+ABS((U7/BN7)-1))/3) -> #N/A | BR7: #N/A | BS7: #N/A | BT7: =IF(BP7<30,"Underload",IF(BP7<=80,"Baik",IF(BP7>80,"Overload"))) -> #VALUE! | BU7: =IF(L7=3,IF(BQ7>0.2,"TDK SEIMBANG","SEIMBANG"),IF(BM7="OL PHASA","TDK SEIMBANG","SEIMBANG")) -> #N/A | BV7: =IF(L7=3,IF(SUM(X7:Y7)>600,"NORMAL","DROP"),IF(BD12>198,"NORMAL","DROP")) -> #N/A
A8: =H8&"Induk" -> KMO 196Induk | B8: =H8&"jurusan 1" -> KMO 196jurusan 1 | C8: =H8&"jurusan 2" -> KMO 196jurusan 2 | D8: =H8&"jurusan 3" -> KMO 196jurusan 3 | E8: =H8&"jurusan 4" -> KMO 196jurusan 4 | F8: TOMBOLIKAT | G8: BOLAANG MONGONDOW TIMUR | H8: KMO 196 | I8: 0.77558601 | J8: 124.61767 | N8: =+IF(L8=3,400,IF(L8=1,230,0)) -> 0 | O8: =(K8*1000)/((M8*1000)*1.73) -> #VALUE! | P8: =IF(L8=3,(K8*1000)/(N8*1.73),(K8*1000)/(N8)) -> #VALUE! | Q8: =VLOOKUP($A8,'DATA PENGUKURAN GARDU'!$A:$BS,42,0) -> #N/A | R8: =Q8/$P8*100 -> #N/A | S8: =VLOOKUP($A8,'DATA PENGUKURAN GARDU'!$A:$BS,44,0) -> #N/A | T8: =S8/$P8*100 -> #N/A | U8: =VLOOKUP($A8,'DATA PENGUKURAN GARDU'!$A:$BS,46,0) -> #N/A | V8: =U8/$P8*100 -> #N/A | W8: =VLOOKUP($A8,'DATA PENGUKURAN GARDU'!$A:$BS,48,0) -> #N/A | X8: =VLOOKUP($A8,'DATA PENGUKURAN GARDU'!$A:$BS,53,0) -> #N/A | Y8: =VLOOKUP($A8,'DATA PENGUKURAN GARDU'!$A:$BS,54,0) -> #N/A | Z8: =VLOOKUP($A8,'DATA PENGUKURAN GARDU'!$A:$BS,55,0) -> #N/A | AA8: =VLOOKUP($B8,'DATA PENGUKURAN GARDU'!$A:$BS,42,0) -> #N/A | AB8: =AA8/$P8*100 -> #N/A | AC8: =VLOOKUP($B8,'DATA PENGUKURAN GARDU'!$A:$BS,44,0) -> #N/A | AD8: =AC8/$P8*100 -> #N/A | AE8: =VLOOKUP($B8,'DATA PENGUKURAN GARDU'!$A:$BS,46,0) -> #N/A | AF8: =AE8/$P8*100 -> #N/A | AG8: =VLOOKUP($B8,'DATA PENGUKURAN GARDU'!$A:$BS,46,0) -> #N/A | AH8: =VLOOKUP($B8,'DATA PENGUKURAN GARDU'!$A:$BS,53,0) -> #N/A | AI8: =VLOOKUP($B8,'DATA PENGUKURAN GARDU'!$A:$BS,54,0) -> #N/A | AJ8: =VLOOKUP($C8,'DATA PENGUKURAN GARDU'!$A:$BS,42,0) -> #N/A | AK8: =AJ8/$P8*100 -> #N/A | AL8: =VLOOKUP($C8,'DATA PENGUKURAN GARDU'!$A:$BS,44,0) -> #N/A | AM8: =AL8/$P8*100 -> #N/A | AN8: =VLOOKUP($C8,'DATA PENGUKURAN GARDU'!$A:$BS,46,0) -> #N/A | AO8: =AN8/$P8*100 -> #N/A | AP8: =VLOOKUP($C8,'DATA PENGUKURAN GARDU'!$A:$BS,46,0) -> #N/A | AQ8: =VLOOKUP($C8,'DATA PENGUKURAN GARDU'!$A:$BS,53,0) -> #N/A | AR8: =VLOOKUP($C8,'DATA PENGUKURAN GARDU'!$A:$BS,54,0) -> #N/A | AS8: =VLOOKUP($D8,'DATA PENGUKURAN GARDU'!$A:$BS,42,0) -> #N/A | AT8: =AS8/$P8*100 -> #N/A | AU8: =VLOOKUP($D8,'DATA PENGUKURAN GARDU'!$A:$BS,44,0) -> #N/A | AV8: =AU8/$P8*100 -> #N/A | AW8: =VLOOKUP($D8,'DATA PENGUKURAN GARDU'!$A:$BS,46,0) -> #N/A | AX8: =AW8/$P8*100 -> #N/A | AY8: =VLOOKUP($D8,'DATA PENGUKURAN GARDU'!$A:$BS,46,0) -> #N/A | AZ8: =VLOOKUP($D8,'DATA PENGUKURAN GARDU'!$A:$BS,53,0) -> #N/A | BA8: =VLOOKUP($D8,'DATA PENGUKURAN GARDU'!$A:$BS,54,0) -> #N/A | BB8: =VLOOKUP($E8,'DATA PENGUKURAN GARDU'!$A:$BS,42,0) -> #N/A | BC8: =BB8/$P8*100 -> #N/A | BD8: =VLOOKUP($E8,'DATA PENGUKURAN GARDU'!$A:$BS,44,0) -> #N/A | BE8: =BD8/$P8*100 -> #N/A | BF8: =VLOOKUP($E8,'DATA PENGUKURAN GARDU'!$A:$BS,46,0) -> #N/A | BG8: =BF8/$P8*100 -> #N/A | BH8: =VLOOKUP($E8,'DATA PENGUKURAN GARDU'!$A:$BS,46,0) -> #N/A | BI8: =VLOOKUP($E8,'DATA PENGUKURAN GARDU'!$A:$BS,53,0) -> #N/A | BJ8: =VLOOKUP($E8,'DATA PENGUKURAN GARDU'!$A:$BS,54,0) -> #N/A | BK8: =IF(Q8>P8,"OL PHASA","Normal") -> #N/A | BL8: =IF(S8>P8,"OL PHASA","Normal") -> #N/A | BM8: =IF(U8>P8,"OL PHASA","Normal") -> #N/A | BN8: =IF((L8=3),(AVERAGE(Q8,S8,U8)),MAX(Q8,S8,U8)) -> #N/A | BO8: =IFERROR(IF((L8=1),(BN8*AH8)/1000,(BN8*AI8*1.73)/1000),"0") -> 0 | BP8: =BO8/K8*100 -> #VALUE! | BQ8: =IF($L8=1,"1 Phase",ABS(((Q8/BN8)-1)+ABS((S8/BN8)-1)+ABS((U8/BN8)-1))/3) -> #N/A | BR8: #N/A | BS8: #N/A | BT8: =IF(BP8<30,"Underload",IF(BP8<=80,"Baik",IF(BP8>80,"Overload"))) -> #VALUE! | BU8: =IF(L8=3,IF(BQ8>0.2,"TDK SEIMBANG","SEIMBANG"),IF(BM8="OL PHASA","TDK SEIMBANG","SEIMBANG")) -> #N/A | BV8: =IF(L8=3,IF(SUM(X8:Y8)>600,"NORMAL","DROP"),IF(BD13>198,"NORMAL","DROP")) -> #N/A
A9: =H9&"Induk" -> L-144Induk | B9: =H9&"jurusan 1" -> L-144jurusan 1 | C9: =H9&"jurusan 2" -> L-144jurusan 2 | D9: =H9&"jurusan 3" -> L-144jurusan 3 | E9: =H9&"jurusan 4" -> L-144jurusan 4 | F9: PINOLOSIAN TIMUR | G9: BOLAANG MONGONDOW SELATAN | H9: L-144 | I9: 0.45646 | J9: 124.42854 | N9: =+IF(L9=3,400,IF(L9=1,230,0)) -> 0 | O9: =(K9*1000)/((M9*1000)*1.73) -> #VALUE! | P9: =IF(L9=3,(K9*1000)/(N9*1.73),(K9*1000)/(N9)) -> #VALUE! | Q9: =VLOOKUP($A9,'DATA PENGUKURAN GARDU'!$A:$BS,42,0) -> #N/A | R9: =Q9/$P9*100 -> #N/A | S9: =VLOOKUP($A9,'DATA PENGUKURAN GARDU'!$A:$BS,44,0) -> #N/A | T9: =S9/$P9*100 -> #N/A | U9: =VLOOKUP($A9,'DATA PENGUKURAN GARDU'!$A:$BS,46,0) -> #N/A | V9: =U9/$P9*100 -> #N/A | W9: =VLOOKUP($A9,'DATA PENGUKURAN GARDU'!$A:$BS,48,0) -> #N/A | X9: =VLOOKUP($A9,'DATA PENGUKURAN GARDU'!$A:$BS,53,0) -> #N/A | Y9: =VLOOKUP($A9,'DATA PENGUKURAN GARDU'!$A:$BS,54,0) -> #N/A | Z9: =VLOOKUP($A9,'DATA PENGUKURAN GARDU'!$A:$BS,55,0) -> #N/A | AA9: =VLOOKUP($B9,'DATA PENGUKURAN GARDU'!$A:$BS,42,0) -> #N/A | AB9: =AA9/$P9*100 -> #N/A | AC9: =VLOOKUP($B9,'DATA PENGUKURAN GARDU'!$A:$BS,44,0) -> #N/A | AD9: =AC9/$P9*100 -> #N/A | AE9: =VLOOKUP($B9,'DATA PENGUKURAN GARDU'!$A:$BS,46,0) -> #N/A | AF9: =AE9/$P9*100 -> #N/A | AG9: =VLOOKUP($B9,'DATA PENGUKURAN GARDU'!$A:$BS,46,0) -> #N/A | AH9: =VLOOKUP($B9,'DATA PENGUKURAN GARDU'!$A:$BS,53,0) -> #N/A | AI9: =VLOOKUP($B9,'DATA PENGUKURAN GARDU'!$A:$BS,54,0) -> #N/A | AJ9: =VLOOKUP($C9,'DATA PENGUKURAN GARDU'!$A:$BS,42,0) -> #N/A | AK9: =AJ9/$P9*100 -> #N/A | AL9: =VLOOKUP($C9,'DATA PENGUKURAN GARDU'!$A:$BS,44,0) -> #N/A | AM9: =AL9/$P9*100 -> #N/A | AN9: =VLOOKUP($C9,'DATA PENGUKURAN GARDU'!$A:$BS,46,0) -> #N/A | AO9: =AN9/$P9*100 -> #N/A | AP9: =VLOOKUP($C9,'DATA PENGUKURAN GARDU'!$A:$BS,46,0) -> #N/A | AQ9: =VLOOKUP($C9,'DATA PENGUKURAN GARDU'!$A:$BS,53,0) -> #N/A | AR9: =VLOOKUP($C9,'DATA PENGUKURAN GARDU'!$A:$BS,54,0) -> #N/A | AS9: =VLOOKUP($D9,'DATA PENGUKURAN GARDU'!$A:$BS,42,0) -> #N/A | AT9: =AS9/$P9*100 -> #N/A | AU9: =VLOOKUP($D9,'DATA PENGUKURAN GARDU'!$A:$BS,44,0) -> #N/A | AV9: =AU9/$P9*100 -> #N/A | AW9: =VLOOKUP($D9,'DATA PENGUKURAN GARDU'!$A:$BS,46,0) -> #N/A | AX9: =AW9/$P9*100 -> #N/A | AY9: =VLOOKUP($D9,'DATA PENGUKURAN GARDU'!$A:$BS,46,0) -> #N/A | AZ9: =VLOOKUP($D9,'DATA PENGUKURAN GARDU'!$A:$BS,53,0) -> #N/A | BA9: =VLOOKUP($D9,'DATA PENGUKURAN GARDU'!$A:$BS,54,0) -> #N/A | BB9: =VLOOKUP($E9,'DATA PENGUKURAN GARDU'!$A:$BS,42,0) -> #N/A | BC9: =BB9/$P9*100 -> #N/A | BD9: =VLOOKUP($E9,'DATA PENGUKURAN GARDU'!$A:$BS,44,0) -> #N/A | BE9: =BD9/$P9*100 -> #N/A | BF9: =VLOOKUP($E9,'DATA PENGUKURAN GARDU'!$A:$BS,46,0) -> #N/A | BG9: =BF9/$P9*100 -> #N/A | BH9: =VLOOKUP($E9,'DATA PENGUKURAN GARDU'!$A:$BS,46,0) -> #N/A | BI9: =VLOOKUP($E9,'DATA PENGUKURAN GARDU'!$A:$BS,53,0) -> #N/A | BJ9: =VLOOKUP($E9,'DATA PENGUKURAN GARDU'!$A:$BS,54,0) -> #N/A | BK9: =IF(Q9>P9,"OL PHASA","Normal") -> #N/A | BL9: =IF(S9>P9,"OL PHASA","Normal") -> #N/A | BM9: =IF(U9>P9,"OL PHASA","Normal") -> #N/A | BN9: =IF((L9=3),(AVERAGE(Q9,S9,U9)),MAX(Q9,S9,U9)) -> #N/A | BO9: =IFERROR(IF((L9=1),(BN9*AH9)/1000,(BN9*AI9*1.73)/1000),"0") -> 0 | BP9: =BO9/K9*100 -> #VALUE! | BQ9: =IF($L9=1,"1 Phase",ABS(((Q9/BN9)-1)+ABS((S9/BN9)-1)+ABS((U9/BN9)-1))/3) -> #N/A | BR9: #N/A | BS9: #N/A | BT9: =IF(BP9<30,"Underload",IF(BP9<=80,"Baik",IF(BP9>80,"Overload"))) -> #VALUE! | BU9: =IF(L9=3,IF(BQ9>0.2,"TDK SEIMBANG","SEIMBANG"),IF(BM9="OL PHASA","TDK SEIMBANG","SEIMBANG")) -> #N/A | BV9: =IF(L9=3,IF(SUM(X9:Y9)>600,"NORMAL","DROP"),IF(BD14>198,"NORMAL","DROP")) -> #N/A
A10: =H10&"Induk" -> KMO 31Induk | B10: =H10&"jurusan 1" -> KMO 31jurusan 1 | C10: =H10&"jurusan 2" -> KMO 31jurusan 2 | D10: =H10&"jurusan 3" -> KMO 31jurusan 3 | E10: =H10&"jurusan 4" -> KMO 31jurusan 4 | F10: TOBONGON | G10: BOLAANG MONGONDOW TIMUR | H10: KMO 31 | I10: 0.702353 | J10: 124.40488 | N10: =+IF(L10=3,400,IF(L10=1,230,0)) -> 0 | O10: =(K10*1000)/((M10*1000)*1.73) -> #VALUE! | P10: =IF(L10=3,(K10*1000)/(N10*1.73),(K10*1000)/(N10)) -> #VALUE! | Q10: =VLOOKUP($A10,'DATA PENGUKURAN GARDU'!$A:$BS,42,0) -> #N/A | R10: =Q10/$P10*100 -> #N/A | S10: =VLOOKUP($A10,'DATA PENGUKURAN GARDU'!$A:$BS,44,0) -> #N/A | T10: =S10/$P10*100 -> #N/A | U10: =VLOOKUP($A10,'DATA PENGUKURAN GARDU'!$A:$BS,46,0) -> #N/A | V10: =U10/$P10*100 -> #N/A | W10: =VLOOKUP($A10,'DATA PENGUKURAN GARDU'!$A:$BS,48,0) -> #N/A | X10: =VLOOKUP($A10,'DATA PENGUKURAN GARDU'!$A:$BS,53,0) -> #N/A | Y10: =VLOOKUP($A10,'DATA PENGUKURAN GARDU'!$A:$BS,54,0) -> #N/A | Z10: =VLOOKUP($A10,'DATA PENGUKURAN GARDU'!$A:$BS,55,0) -> #N/A | AA10: =VLOOKUP($B10,'DATA PENGUKURAN GARDU'!$A:$BS,42,0) -> #N/A | AB10: =AA10/$P10*100 -> #N/A | AC10: =VLOOKUP($B10,'DATA PENGUKURAN GARDU'!$A:$BS,44,0) -> #N/A | AD10: =AC10/$P10*100 -> #N/A | AE10: =VLOOKUP($B10,'DATA PENGUKURAN GARDU'!$A:$BS,46,0) -> #N/A | AF10: =AE10/$P10*100 -> #N/A | AG10: =VLOOKUP($B10,'DATA PENGUKURAN GARDU'!$A:$BS,46,0) -> #N/A | AH10: =VLOOKUP($B10,'DATA PENGUKURAN GARDU'!$A:$BS,53,0) -> #N/A | AI10: =VLOOKUP($B10,'DATA PENGUKURAN GARDU'!$A:$BS,54,0) -> #N/A | AJ10: =VLOOKUP($C10,'DATA PENGUKURAN GARDU'!$A:$BS,42,0) -> #N/A | AK10: =AJ10/$P10*100 -> #N/A | AL10: =VLOOKUP($C10,'DATA PENGUKURAN GARDU'!$A:$BS,44,0) -> #N/A | AM10: =AL10/$P10*100 -> #N/A | AN10: =VLOOKUP($C10,'DATA PENGUKURAN GARDU'!$A:$BS,46,0) -> #N/A | AO10: =AN10/$P10*100 -> #N/A | AP10: =VLOOKUP($C10,'DATA PENGUKURAN GARDU'!$A:$BS,46,0) -> #N/A | AQ10: =VLOOKUP($C10,'DATA PENGUKURAN GARDU'!$A:$BS,53,0) -> #N/A | AR10: =VLOOKUP($C10,'DATA PENGUKURAN GARDU'!$A:$BS,54,0) -> #N/A | AS10: =VLOOKUP($D10,'DATA PENGUKURAN GARDU'!$A:$BS,42,0) -> #N/A | AT10: =AS10/$P10*100 -> #N/A | AU10: =VLOOKUP($D10,'DATA PENGUKURAN GARDU'!$A:$BS,44,0) -> #N/A | AV10: =AU10/$P10*100 -> #N/A | AW10: =VLOOKUP($D10,'DATA PENGUKURAN GARDU'!$A:$BS,46,0) -> #N/A | AX10: =AW10/$P10*100 -> #N/A | AY10: =VLOOKUP($D10,'DATA PENGUKURAN GARDU'!$A:$BS,46,0) -> #N/A | AZ10: =VLOOKUP($D10,'DATA PENGUKURAN GARDU'!$A:$BS,53,0) -> #N/A | BA10: =VLOOKUP($D10,'DATA PENGUKURAN GARDU'!$A:$BS,54,0) -> #N/A | BB10: =VLOOKUP($E10,'DATA PENGUKURAN GARDU'!$A:$BS,42,0) -> #N/A | BC10: =BB10/$P10*100 -> #N/A | BD10: =VLOOKUP($E10,'DATA PENGUKURAN GARDU'!$A:$BS,44,0) -> #N/A | BE10: =BD10/$P10*100 -> #N/A | BF10: =VLOOKUP($E10,'DATA PENGUKURAN GARDU'!$A:$BS,46,0) -> #N/A | BG10: =BF10/$P10*100 -> #N/A | BH10: =VLOOKUP($E10,'DATA PENGUKURAN GARDU'!$A:$BS,46,0) -> #N/A | BI10: =VLOOKUP($E10,'DATA PENGUKURAN GARDU'!$A:$BS,53,0) -> #N/A | BJ10: =VLOOKUP($E10,'DATA PENGUKURAN GARDU'!$A:$BS,54,0) -> #N/A | BK10: =IF(Q10>P10,"OL PHASA","Normal") -> #N/A | BL10: =IF(S10>P10,"OL PHASA","Normal") -> #N/A | BM10: =IF(U10>P10,"OL PHASA","Normal") -> #N/A | BN10: =IF((L10=3),(AVERAGE(Q10,S10,U10)),MAX(Q10,S10,U10)) -> #N/A | BO10: =IFERROR(IF((L10=1),(BN10*AH10)/1000,(BN10*AI10*1.73)/1000),"0") -> 0 | BP10: =BO10/K10*100 -> #VALUE! | BQ10: =IF($L10=1,"1 Phase",ABS(((Q10/BN10)-1)+ABS((S10/BN10)-1)+ABS((U10/BN10)-1))/3) -> #N/A | BR10: #N/A | BS10: #N/A | BT10: =IF(BP10<30,"Underload",IF(BP10<=80,"Baik",IF(BP10>80,"Overload"))) -> #VALUE! | BU10: =IF(L10=3,IF(BQ10>0.2,"TDK SEIMBANG","SEIMBANG"),IF(BM10="OL PHASA","TDK SEIMBANG","SEIMBANG")) -> #N/A | BV10: =IF(L10=3,IF(SUM(X10:Y10)>600,"NORMAL","DROP"),IF(BD15>198,"NORMAL","DROP")) -> #N/A
A11: =H11&"Induk" -> KMO 38Induk | B11: =H11&"jurusan 1" -> KMO 38jurusan 1 | C11: =H11&"jurusan 2" -> KMO 38jurusan 2 | D11: =H11&"jurusan 3" -> KMO 38jurusan 3 | E11: =H11&"jurusan 4" -> KMO 38jurusan 4 | F11: LANUD | G11: BOLAANG MONGONDOW TIMUR | H11: KMO 38 | I11: 0.65386802 | J11: 124.45435 | N11: =+IF(L11=3,400,IF(L11=1,230,0)) -> 0 | O11: =(K11*1000)/((M11*1000)*1.73) -> #VALUE! | P11: =IF(L11=3,(K11*1000)/(N11*1.73),(K11*1000)/(N11)) -> #VALUE! | Q11: =VLOOKUP($A11,'DATA PENGUKURAN GARDU'!$A:$BS,42,0) -> #N/A | R11: =Q11/$P11*100 -> #N/A | S11: =VLOOKUP($A11,'DATA PENGUKURAN GARDU'!$A:$BS,44,0) -> #N/A | T11: =S11/$P11*100 -> #N/A | U11: =VLOOKUP($A11,'DATA PENGUKURAN GARDU'!$A:$BS,46,0) -> #N/A | V11: =U11/$P11*100 -> #N/A | W11: =VLOOKUP($A11,'DATA PENGUKURAN GARDU'!$A:$BS,48,0) -> #N/A | X11: =VLOOKUP($A11,'DATA PENGUKURAN GARDU'!$A:$BS,53,0) -> #N/A | Y11: =VLOOKUP($A11,'DATA PENGUKURAN GARDU'!$A:$BS,54,0) -> #N/A | Z11: =VLOOKUP($A11,'DATA PENGUKURAN GARDU'!$A:$BS,55,0) -> #N/A | AA11: =VLOOKUP($B11,'DATA PENGUKURAN GARDU'!$A:$BS,42,0) -> #N/A | AB11: =AA11/$P11*100 -> #N/A | AC11: =VLOOKUP($B11,'DATA PENGUKURAN GARDU'!$A:$BS,44,0) -> #N/A | AD11: =AC11/$P11*100 -> #N/A | AE11: =VLOOKUP($B11,'DATA PENGUKURAN GARDU'!$A:$BS,46,0) -> #N/A | AF11: =AE11/$P11*100 -> #N/A | AG11: =VLOOKUP($B11,'DATA PENGUKURAN GARDU'!$A:$BS,46,0) -> #N/A | AH11: =VLOOKUP($B11,'DATA PENGUKURAN GARDU'!$A:$BS,53,0) -> #N/A | AI11: =VLOOKUP($B11,'DATA PENGUKURAN GARDU'!$A:$BS,54,0) -> #N/A | AJ11: =VLOOKUP($C11,'DATA PENGUKURAN GARDU'!$A:$BS,42,0) -> #N/A | AK11: =AJ11/$P11*100 -> #N/A | AL11: =VLOOKUP($C11,'DATA PENGUKURAN GARDU'!$A:$BS,44,0) -> #N/A | AM11: =AL11/$P11*100 -> #N/A | AN11: =VLOOKUP($C11,'DATA PENGUKURAN GARDU'!$A:$BS,46,0) -> #N/A | AO11: =AN11/$P11*100 -> #N/A | AP11: =VLOOKUP($C11,'DATA PENGUKURAN GARDU'!$A:$BS,46,0) -> #N/A | AQ11: =VLOOKUP($C11,'DATA PENGUKURAN GARDU'!$A:$BS,53,0) -> #N/A | AR11: =VLOOKUP($C11,'DATA PENGUKURAN GARDU'!$A:$BS,54,0) -> #N/A | AS11: =VLOOKUP($D11,'DATA PENGUKURAN GARDU'!$A:$BS,42,0) -> #N/A | AT11: =AS11/$P11*100 -> #N/A | AU11: =VLOOKUP($D11,'DATA PENGUKURAN GARDU'!$A:$BS,44,0) -> #N/A | AV11: =AU11/$P11*100 -> #N/A | AW11: =VLOOKUP($D11,'DATA PENGUKURAN GARDU'!$A:$BS,46,0) -> #N/A | AX11: =AW11/$P11*100 -> #N/A | AY11: =VLOOKUP($D11,'DATA PENGUKURAN GARDU'!$A:$BS,46,0) -> #N/A | AZ11: =VLOOKUP($D11,'DATA PENGUKURAN GARDU'!$A:$BS,53,0) -> #N/A | BA11: =VLOOKUP($D11,'DATA PENGUKURAN GARDU'!$A:$BS,54,0) -> #N/A | BB11: =VLOOKUP($E11,'DATA PENGUKURAN GARDU'!$A:$BS,42,0) -> #N/A | BC11: =BB11/$P11*100 -> #N/A | BD11: =VLOOKUP($E11,'DATA PENGUKURAN GARDU'!$A:$BS,44,0) -> #N/A | BE11: =BD11/$P11*100 -> #N/A | BF11: =VLOOKUP($E11,'DATA PENGUKURAN GARDU'!$A:$BS,46,0) -> #N/A | BG11: =BF11/$P11*100 -> #N/A | BH11: =VLOOKUP($E11,'DATA PENGUKURAN GARDU'!$A:$BS,46,0) -> #N/A | BI11: =VLOOKUP($E11,'DATA PENGUKURAN GARDU'!$A:$BS,53,0) -> #N/A | BJ11: =VLOOKUP($E11,'DATA PENGUKURAN GARDU'!$A:$BS,54,0) -> #N/A | BK11: =IF(Q11>P11,"OL PHASA","Normal") -> #N/A | BL11: =IF(S11>P11,"OL PHASA","Normal") -> #N/A | BM11: =IF(U11>P11,"OL PHASA","Normal") -> #N/A | BN11: =IF((L11=3),(AVERAGE(Q11,S11,U11)),MAX(Q11,S11,U11)) -> #N/A | BO11: =IFERROR(IF((L11=1),(BN11*AH11)/1000,(BN11*AI11*1.73)/1000),"0") -> 0 | BP11: =BO11/K11*100 -> #VALUE! | BQ11: =IF($L11=1,"1 Phase",ABS(((Q11/BN11)-1)+ABS((S11/BN11)-1)+ABS((U11/BN11)-1))/3) -> #N/A | BR11: #N/A | BS11: #N/A | BT11: =IF(BP11<30,"Underload",IF(BP11<=80,"Baik",IF(BP11>80,"Overload"))) -> #VALUE! | BU11: =IF(L11=3,IF(BQ11>0.2,"TDK SEIMBANG","SEIMBANG"),IF(BM11="OL PHASA","TDK SEIMBANG","SEIMBANG")) -> #N/A | BV11: =IF(L11=3,IF(SUM(X11:Y11)>600,"NORMAL","DROP"),IF(BD16>198,"NORMAL","DROP")) -> #N/A
A12: =H12&"Induk" -> KMO 40Induk | B12: =H12&"jurusan 1" -> KMO 40jurusan 1 | C12: =H12&"jurusan 2" -> KMO 40jurusan 2 | D12: =H12&"jurusan 3" -> KMO 40jurusan 3 | E12: =H12&"jurusan 4" -> KMO 40jurusan 4 | F12: LANUD | G12: BOLAANG MONGONDOW TIMUR | H12: KMO 40 | I12: 0.656537 | J12: 124.46075 | N12: =+IF(L12=3,400,IF(L12=1,230,0)) -> 0 | O12: =(K12*1000)/((M12*1000)*1.73) -> #VALUE! | P12: =IF(L12=3,(K12*1000)/(N12*1.73),(K12*1000)/(N12)) -> #VALUE! | Q12: =VLOOKUP($A12,'DATA PENGUKURAN GARDU'!$A:$BS,42,0) -> #N/A | R12: =Q12/$P12*100 -> #N/A | S12: =VLOOKUP($A12,'DATA PENGUKURAN GARDU'!$A:$BS,44,0) -> #N/A | T12: =S12/$P12*100 -> #N/A | U12: =VLOOKUP($A12,'DATA PENGUKURAN GARDU'!$A:$BS,46,0) -> #N/A | V12: =U12/$P12*100 -> #N/A | W12: =VLOOKUP($A12,'DATA PENGUKURAN GARDU'!$A:$BS,48,0) -> #N/A | X12: =VLOOKUP($A12,'DATA PENGUKURAN GARDU'!$A:$BS,53,0) -> #N/A | Y12: =VLOOKUP($A12,'DATA PENGUKURAN GARDU'!$A:$BS,54,0) -> #N/A | Z12: =VLOOKUP($A12,'DATA PENGUKURAN GARDU'!$A:$BS,55,0) -> #N/A | AA12: =VLOOKUP($B12,'DATA PENGUKURAN GARDU'!$A:$BS,42,0) -> #N/A | AB12: =AA12/$P12*100 -> #N/A | AC12: =VLOOKUP($B12,'DATA PENGUKURAN GARDU'!$A:$BS,44,0) -> #N/A | AD12: =AC12/$P12*100 -> #N/A | AE12: =VLOOKUP($B12,'DATA PENGUKURAN GARDU'!$A:$BS,46,0) -> #N/A | AF12: =AE12/$P12*100 -> #N/A | AG12: =VLOOKUP($B12,'DATA PENGUKURAN GARDU'!$A:$BS,46,0) -> #N/A | AH12: =VLOOKUP($B12,'DATA PENGUKURAN GARDU'!$A:$BS,53,0) -> #N/A | AI12: =VLOOKUP($B12,'DATA PENGUKURAN GARDU'!$A:$BS,54,0) -> #N/A | AJ12: =VLOOKUP($C12,'DATA PENGUKURAN GARDU'!$A:$BS,42,0) -> #N/A | AK12: =AJ12/$P12*100 -> #N/A | AL12: =VLOOKUP($C12,'DATA PENGUKURAN GARDU'!$A:$BS,44,0) -> #N/A | AM12: =AL12/$P12*100 -> #N/A | AN12: =VLOOKUP($C12,'DATA PENGUKURAN GARDU'!$A:$BS,46,0) -> #N/A | AO12: =AN12/$P12*100 -> #N/A | AP12: =VLOOKUP($C12,'DATA PENGUKURAN GARDU'!$A:$BS,46,0) -> #N/A | AQ12: =VLOOKUP($C12,'DATA PENGUKURAN GARDU'!$A:$BS,53,0) -> #N/A | AR12: =VLOOKUP($C12,'DATA PENGUKURAN GARDU'!$A:$BS,54,0) -> #N/A | AS12: =VLOOKUP($D12,'DATA PENGUKURAN GARDU'!$A:$BS,42,0) -> #N/A | AT12: =AS12/$P12*100 -> #N/A | AU12: =VLOOKUP($D12,'DATA PENGUKURAN GARDU'!$A:$BS,44,0) -> #N/A | AV12: =AU12/$P12*100 -> #N/A | AW12: =VLOOKUP($D12,'DATA PENGUKURAN GARDU'!$A:$BS,46,0) -> #N/A | AX12: =AW12/$P12*100 -> #N/A | AY12: =VLOOKUP($D12,'DATA PENGUKURAN GARDU'!$A:$BS,46,0) -> #N/A | AZ12: =VLOOKUP($D12,'DATA PENGUKURAN GARDU'!$A:$BS,53,0) -> #N/A | BA12: =VLOOKUP($D12,'DATA PENGUKURAN GARDU'!$A:$BS,54,0) -> #N/A | BB12: =VLOOKUP($E12,'DATA PENGUKURAN GARDU'!$A:$BS,42,0) -> #N/A | BC12: =BB12/$P12*100 -> #N/A | BD12: =VLOOKUP($E12,'DATA PENGUKURAN GARDU'!$A:$BS,44,0) -> #N/A | BE12: =BD12/$P12*100 -> #N/A | BF12: =VLOOKUP($E12,'DATA PENGUKURAN GARDU'!$A:$BS,46,0) -> #N/A | BG12: =BF12/$P12*100 -> #N/A | BH12: =VLOOKUP($E12,'DATA PENGUKURAN GARDU'!$A:$BS,46,0) -> #N/A | BI12: =VLOOKUP($E12,'DATA PENGUKURAN GARDU'!$A:$BS,53,0) -> #N/A | BJ12: =VLOOKUP($E12,'DATA PENGUKURAN GARDU'!$A:$BS,54,0) -> #N/A | BK12: =IF(Q12>P12,"OL PHASA","Normal") -> #N/A | BL12: =IF(S12>P12,"OL PHASA","Normal") -> #N/A | BM12: =IF(U12>P12,"OL PHASA","Normal") -> #N/A | BN12: =IF((L12=3),(AVERAGE(Q12,S12,U12)),MAX(Q12,S12,U12)) -> #N/A | BO12: =IFERROR(IF((L12=1),(BN12*AH12)/1000,(BN12*AI12*1.73)/1000),"0") -> 0 | BP12: =BO12/K12*100 -> #VALUE! | BQ12: =IF($L12=1,"1 Phase",ABS(((Q12/BN12)-1)+ABS((S12/BN12)-1)+ABS((U12/BN12)-1))/3) -> #N/A | BR12: #N/A | BS12: #N/A | BT12: =IF(BP12<30,"Underload",IF(BP12<=80,"Baik",IF(BP12>80,"Overload"))) -> #VALUE! | BU12: =IF(L12=3,IF(BQ12>0.2,"TDK SEIMBANG","SEIMBANG"),IF(BM12="OL PHASA","TDK SEIMBANG","SEIMBANG")) -> #N/A | BV12: =IF(L12=3,IF(SUM(X12:Y12)>600,"NORMAL","DROP"),IF(BD17>198,"NORMAL","DROP")) -> #N/A
A13: =H13&"Induk" -> KMO 64Induk | B13: =H13&"jurusan 1" -> KMO 64jurusan 1 | C13: =H13&"jurusan 2" -> KMO 64jurusan 2 | D13: =H13&"jurusan 3" -> KMO 64jurusan 3 | E13: =H13&"jurusan 4" -> KMO 64jurusan 4 | F13: NUANGAN | G13: BOLAANG MONGONDOW TIMUR | H13: KMO 64 | I13: 0.58212799 | J13: 124.52679 | N13: =+IF(L13=3,400,IF(L13=1,230,0)) -> 0 | O13: =(K13*1000)/((M13*1000)*1.73) -> #VALUE! | P13: =IF(L13=3,(K13*1000)/(N13*1.73),(K13*1000)/(N13)) -> #VALUE! | Q13: =VLOOKUP($A13,'DATA PENGUKURAN GARDU'!$A:$BS,42,0) -> #N/A | R13: =Q13/$P13*100 -> #N/A | S13: =VLOOKUP($A13,'DATA PENGUKURAN GARDU'!$A:$BS,44,0) -> #N/A | T13: =S13/$P13*100 -> #N/A | U13: =VLOOKUP($A13,'DATA PENGUKURAN GARDU'!$A:$BS,46,0) -> #N/A | V13: =U13/$P13*100 -> #N/A | W13: =VLOOKUP($A13,'DATA PENGUKURAN GARDU'!$A:$BS,48,0) -> #N/A | X13: =VLOOKUP($A13,'DATA PENGUKURAN GARDU'!$A:$BS,53,0) -> #N/A | Y13: =VLOOKUP($A13,'DATA PENGUKURAN GARDU'!$A:$BS,54,0) -> #N/A | Z13: =VLOOKUP($A13,'DATA PENGUKURAN GARDU'!$A:$BS,55,0) -> #N/A | AA13: =VLOOKUP($B13,'DATA PENGUKURAN GARDU'!$A:$BS,42,0) -> #N/A | AB13: =AA13/$P13*100 -> #N/A | AC13: =VLOOKUP($B13,'DATA PENGUKURAN GARDU'!$A:$BS,44,0) -> #N/A | AD13: =AC13/$P13*100 -> #N/A | AE13: =VLOOKUP($B13,'DATA PENGUKURAN GARDU'!$A:$BS,46,0) -> #N/A | AF13: =AE13/$P13*100 -> #N/A | AG13: =VLOOKUP($B13,'DATA PENGUKURAN GARDU'!$A:$BS,46,0) -> #N/A | AH13: =VLOOKUP($B13,'DATA PENGUKURAN GARDU'!$A:$BS,53,0) -> #N/A | AI13: =VLOOKUP($B13,'DATA PENGUKURAN GARDU'!$A:$BS,54,0) -> #N/A | AJ13: =VLOOKUP($C13,'DATA PENGUKURAN GARDU'!$A:$BS,42,0) -> #N/A | AK13: =AJ13/$P13*100 -> #N/A | AL13: =VLOOKUP($C13,'DATA PENGUKURAN GARDU'!$A:$BS,44,0) -> #N/A | AM13: =AL13/$P13*100 -> #N/A | AN13: =VLOOKUP($C13,'DATA PENGUKURAN GARDU'!$A:$BS,46,0) -> #N/A | AO13: =AN13/$P13*100 -> #N/A | AP13: =VLOOKUP($C13,'DATA PENGUKURAN GARDU'!$A:$BS,46,0) -> #N/A | AQ13: =VLOOKUP($C13,'DATA PENGUKURAN GARDU'!$A:$BS,53,0) -> #N/A | AR13: =VLOOKUP($C13,'DATA PENGUKURAN GARDU'!$A:$BS,54,0) -> #N/A | AS13: =VLOOKUP($D13,'DATA PENGUKURAN GARDU'!$A:$BS,42,0) -> #N/A | AT13: =AS13/$P13*100 -> #N/A | AU13: =VLOOKUP($D13,'DATA PENGUKURAN GARDU'!$A:$BS,44,0) -> #N/A | AV13: =AU13/$P13*100 -> #N/A | AW13: =VLOOKUP($D13,'DATA PENGUKURAN GARDU'!$A:$BS,46,0) -> #N/A | AX13: =AW13/$P13*100 -> #N/A | AY13: =VLOOKUP($D13,'DATA PENGUKURAN GARDU'!$A:$BS,46,0) -> #N/A | AZ13: =VLOOKUP($D13,'DATA PENGUKURAN GARDU'!$A:$BS,53,0) -> #N/A | BA13: =VLOOKUP($D13,'DATA PENGUKURAN GARDU'!$A:$BS,54,0) -> #N/A | BB13: =VLOOKUP($E13,'DATA PENGUKURAN GARDU'!$A:$BS,42,0) -> #N/A | BC13: =BB13/$P13*100 -> #N/A | BD13: =VLOOKUP($E13,'DATA PENGUKURAN GARDU'!$A:$BS,44,0) -> #N/A | BE13: =BD13/$P13*100 -> #N/A | BF13: =VLOOKUP($E13,'DATA PENGUKURAN GARDU'!$A:$BS,46,0) -> #N/A | BG13: =BF13/$P13*100 -> #N/A | BH13: =VLOOKUP($E13,'DATA PENGUKURAN GARDU'!$A:$BS,46,0) -> #N/A | BI13: =VLOOKUP($E13,'DATA PENGUKURAN GARDU'!$A:$BS,53,0) -> #N/A | BJ13: =VLOOKUP($E13,'DATA PENGUKURAN GARDU'!$A:$BS,54,0) -> #N/A | BK13: =IF(Q13>P13,"OL PHASA","Normal") -> #N/A | BL13: =IF(S13>P13,"OL PHASA","Normal") -> #N/A | BM13: =IF(U13>P13,"OL PHASA","Normal") -> #N/A | BN13: =IF((L13=3),(AVERAGE(Q13,S13,U13)),MAX(Q13,S13,U13)) -> #N/A | BO13: =IFERROR(IF((L13=1),(BN13*AH13)/1000,(BN13*AI13*1.73)/1000),"0") -> 0 | BP13: =BO13/K13*100 -> #VALUE! | BQ13: =IF($L13=1,"1 Phase",ABS(((Q13/BN13)-1)+ABS((S13/BN13)-1)+ABS((U13/BN13)-1))/3) -> #N/A | BR13: #N/A | BS13: #N/A | BT13: =IF(BP13<30,"Underload",IF(BP13<=80,"Baik",IF(BP13>80,"Overload"))) -> #VALUE! | BU13: =IF(L13=3,IF(BQ13>0.2,"TDK SEIMBANG","SEIMBANG"),IF(BM13="OL PHASA","TDK SEIMBANG","SEIMBANG")) -> #N/A | BV13: =IF(L13=3,IF(SUM(X13:Y13)>600,"NORMAL","DROP"),IF(BD18>198,"NORMAL","DROP")) -> #N/A
A14: =H14&"Induk" -> KMO 65Induk | B14: =H14&"jurusan 1" -> KMO 65jurusan 1 | C14: =H14&"jurusan 2" -> KMO 65jurusan 2 | D14: =H14&"jurusan 3" -> KMO 65jurusan 3 | E14: =H14&"jurusan 4" -> KMO 65jurusan 4 | F14: NUANGAN | G14: BOLAANG MONGONDOW TIMUR | H14: KMO 65 | I14: 0.57849699 | J14: 124.5134 | N14: =+IF(L14=3,400,IF(L14=1,230,0)) -> 0 | O14: =(K14*1000)/((M14*1000)*1.73) -> #VALUE! | P14: =IF(L14=3,(K14*1000)/(N14*1.73),(K14*1000)/(N14)) -> #VALUE! | Q14: =VLOOKUP($A14,'DATA PENGUKURAN GARDU'!$A:$BS,42,0) -> #N/A | R14: =Q14/$P14*100 -> #N/A | S14: =VLOOKUP($A14,'DATA PENGUKURAN GARDU'!$A:$BS,44,0) -> #N/A | T14: =S14/$P14*100 -> #N/A | U14: =VLOOKUP($A14,'DATA PENGUKURAN GARDU'!$A:$BS,46,0) -> #N/A | V14: =U14/$P14*100 -> #N/A | W14: =VLOOKUP($A14,'DATA PENGUKURAN GARDU'!$A:$BS,48,0) -> #N/A | X14: =VLOOKUP($A14,'DATA PENGUKURAN GARDU'!$A:$BS,53,0) -> #N/A | Y14: =VLOOKUP($A14,'DATA PENGUKURAN GARDU'!$A:$BS,54,0) -> #N/A | Z14: =VLOOKUP($A14,'DATA PENGUKURAN GARDU'!$A:$BS,55,0) -> #N/A | AA14: =VLOOKUP($B14,'DATA PENGUKURAN GARDU'!$A:$BS,42,0) -> #N/A | AB14: =AA14/$P14*100 -> #N/A | AC14: =VLOOKUP($B14,'DATA PENGUKURAN GARDU'!$A:$BS,44,0) -> #N/A | AD14: =AC14/$P14*100 -> #N/A | AE14: =VLOOKUP($B14,'DATA PENGUKURAN GARDU'!$A:$BS,46,0) -> #N/A | AF14: =AE14/$P14*100 -> #N/A | AG14: =VLOOKUP($B14,'DATA PENGUKURAN GARDU'!$A:$BS,46,0) -> #N/A | AH14: =VLOOKUP($B14,'DATA PENGUKURAN GARDU'!$A:$BS,53,0) -> #N/A | AI14: =VLOOKUP($B14,'DATA PENGUKURAN GARDU'!$A:$BS,54,0) -> #N/A | AJ14: =VLOOKUP($C14,'DATA PENGUKURAN GARDU'!$A:$BS,42,0) -> #N/A | AK14: =AJ14/$P14*100 -> #N/A | AL14: =VLOOKUP($C14,'DATA PENGUKURAN GARDU'!$A:$BS,44,0) -> #N/A | AM14: =AL14/$P14*100 -> #N/A | AN14: =VLOOKUP($C14,'DATA PENGUKURAN GARDU'!$A:$BS,46,0) -> #N/A | AO14: =AN14/$P14*100 -> #N/A | AP14: =VLOOKUP($C14,'DATA PENGUKURAN GARDU'!$A:$BS,46,0) -> #N/A | AQ14: =VLOOKUP($C14,'DATA PENGUKURAN GARDU'!$A:$BS,53,0) -> #N/A | AR14: =VLOOKUP($C14,'DATA PENGUKURAN GARDU'!$A:$BS,54,0) -> #N/A | AS14: =VLOOKUP($D14,'DATA PENGUKURAN GARDU'!$A:$BS,42,0) -> #N/A | AT14: =AS14/$P14*100 -> #N/A | AU14: =VLOOKUP($D14,'DATA PENGUKURAN GARDU'!$A:$BS,44,0) -> #N/A | AV14: =AU14/$P14*100 -> #N/A | AW14: =VLOOKUP($D14,'DATA PENGUKURAN GARDU'!$A:$BS,46,0) -> #N/A | AX14: =AW14/$P14*100 -> #N/A | AY14: =VLOOKUP($D14,'DATA PENGUKURAN GARDU'!$A:$BS,46,0) -> #N/A | AZ14: =VLOOKUP($D14,'DATA PENGUKURAN GARDU'!$A:$BS,53,0) -> #N/A | BA14: =VLOOKUP($D14,'DATA PENGUKURAN GARDU'!$A:$BS,54,0) -> #N/A | BB14: =VLOOKUP($E14,'DATA PENGUKURAN GARDU'!$A:$BS,42,0) -> #N/A | BC14: =BB14/$P14*100 -> #N/A | BD14: =VLOOKUP($E14,'DATA PENGUKURAN GARDU'!$A:$BS,44,0) -> #N/A | BE14: =BD14/$P14*100 -> #N/A | BF14: =VLOOKUP($E14,'DATA PENGUKURAN GARDU'!$A:$BS,46,0) -> #N/A | BG14: =BF14/$P14*100 -> #N/A | BH14: =VLOOKUP($E14,'DATA PENGUKURAN GARDU'!$A:$BS,46,0) -> #N/A | BI14: =VLOOKUP($E14,'DATA PENGUKURAN GARDU'!$A:$BS,53,0) -> #N/A | BJ14: =VLOOKUP($E14,'DATA PENGUKURAN GARDU'!$A:$BS,54,0) -> #N/A | BK14: =IF(Q14>P14,"OL PHASA","Normal") -> #N/A | BL14: =IF(S14>P14,"OL PHASA","Normal") -> #N/A | BM14: =IF(U14>P14,"OL PHASA","Normal") -> #N/A | BN14: =IF((L14=3),(AVERAGE(Q14,S14,U14)),MAX(Q14,S14,U14)) -> #N/A | BO14: =IFERROR(IF((L14=1),(BN14*AH14)/1000,(BN14*AI14*1.73)/1000),"0") -> 0 | BP14: =BO14/K14*100 -> #VALUE! | BQ14: =IF($L14=1,"1 Phase",ABS(((Q14/BN14)-1)+ABS((S14/BN14)-1)+ABS((U14/BN14)-1))/3) -> #N/A | BR14: #N/A | BS14: #N/A | BT14: =IF(BP14<30,"Underload",IF(BP14<=80,"Baik",IF(BP14>80,"Overload"))) -> #VALUE! | BU14: =IF(L14=3,IF(BQ14>0.2,"TDK SEIMBANG","SEIMBANG"),IF(BM14="OL PHASA","TDK SEIMBANG","SEIMBANG")) -> #N/A | BV14: =IF(L14=3,IF(SUM(X14:Y14)>600,"NORMAL","DROP"),IF(BD19>198,"NORMAL","DROP")) -> #N/A
... A1321: =H1321&"Induk" -> NL 052Induk | B1321: =H1321&"jurusan 1" -> NL 052jurusan 1 | C1321: =H1321&"jurusan 2" -> NL 052jurusan 2 | D1321: =H1321&"jurusan 3" -> NL 052jurusan 3 | E1321: =H1321&"jurusan 4" -> NL 052jurusan 4 | F1321: LOLAK | G1321: BOLAANG MONGONDOW INDUK | H1321: NL 052 | I1321: 0.86078 | J1321: 123.93939 | N1321: =+IF(L1321=3,400,IF(L1321=1,230,0)) -> 0 | O1321: =(K1321*1000)/((M1321*1000)*1.73) -> #VALUE! | P1321: =IF(L1321=3,(K1321*1000)/(N1321*1.73),(K1321*1000)/(N1321)) -> #VALUE! | Q1321: =VLOOKUP($A1321,'DATA PENGUKURAN GARDU'!$A:$BS,42,0) -> #N/A | R1321: =Q1321/$P1321*100 -> #N/A | S1321: =VLOOKUP($A1321,'DATA PENGUKURAN GARDU'!$A:$BS,44,0) -> #N/A | T1321: =S1321/$P1321*100 -> #N/A | U1321: =VLOOKUP($A1321,'DATA PENGUKURAN GARDU'!$A:$BS,46,0) -> #N/A | V1321: =U1321/$P1321*100 -> #N/A | W1321: =VLOOKUP($A1321,'DATA PENGUKURAN GARDU'!$A:$BS,48,0) -> #N/A | X1321: =VLOOKUP($A1321,'DATA PENGUKURAN GARDU'!$A:$BS,53,0) -> #N/A | Y1321: =VLOOKUP($A1321,'DATA PENGUKURAN GARDU'!$A:$BS,54,0) -> #N/A | Z1321: =VLOOKUP($A1321,'DATA PENGUKURAN GARDU'!$A:$BS,55,0) -> #N/A | AA1321: =VLOOKUP($B1321,'DATA PENGUKURAN GARDU'!$A:$BS,42,0) -> #N/A | AB1321: =AA1321/$P1321*100 -> #N/A | AC1321: =VLOOKUP($B1321,'DATA PENGUKURAN GARDU'!$A:$BS,44,0) -> #N/A | AD1321: =AC1321/$P1321*100 -> #N/A | AE1321: =VLOOKUP($B1321,'DATA PENGUKURAN GARDU'!$A:$BS,46,0) -> #N/A | AF1321: =AE1321/$P1321*100 -> #N/A | AG1321: =VLOOKUP($B1321,'DATA PENGUKURAN GARDU'!$A:$BS,46,0) -> #N/A | AH1321: =VLOOKUP($B1321,'DATA PENGUKURAN GARDU'!$A:$BS,53,0) -> #N/A | AI1321: =VLOOKUP($B1321,'DATA PENGUKURAN GARDU'!$A:$BS,54,0) -> #N/A | AJ1321: =VLOOKUP($C1321,'DATA PENGUKURAN GARDU'!$A:$BS,42,0) -> #N/A | AK1321: =AJ1321/$P1321*100 -> #N/A | AL1321: =VLOOKUP($C1321,'DATA PENGUKURAN GARDU'!$A:$BS,44,0) -> #N/A | AM1321: =AL1321/$P1321*100 -> #N/A | AN1321: =VLOOKUP($C1321,'DATA PENGUKURAN GARDU'!$A:$BS,46,0) -> #N/A | AO1321: =AN1321/$P1321*100 -> #N/A | AP1321: =VLOOKUP($C1321,'DATA PENGUKURAN GARDU'!$A:$BS,46,0) -> #N/A | AQ1321: =VLOOKUP($C1321,'DATA PENGUKURAN GARDU'!$A:$BS,53,0) -> #N/A | AR1321: =VLOOKUP($C1321,'DATA PENGUKURAN GARDU'!$A:$BS,54,0) -> #N/A | AS1321: =VLOOKUP($D1321,'DATA PENGUKURAN GARDU'!$A:$BS,42,0) -> #N/A | AT1321: =AS1321/$P1321*100 -> #N/A | AU1321: =VLOOKUP($D1321,'DATA PENGUKURAN GARDU'!$A:$BS,44,0) -> #N/A | AV1321: =AU1321/$P1321*100 -> #N/A | AW1321: =VLOOKUP($D1321,'DATA PENGUKURAN GARDU'!$A:$BS,46,0) -> #N/A | AX1321: =AW1321/$P1321*100 -> #N/A | AY1321: =VLOOKUP($D1321,'DATA PENGUKURAN GARDU'!$A:$BS,46,0) -> #N/A | AZ1321: =VLOOKUP($D1321,'DATA PENGUKURAN GARDU'!$A:$BS,53,0) -> #N/A | BA1321: =VLOOKUP($D1321,'DATA PENGUKURAN GARDU'!$A:$BS,54,0) -> #N/A | BB1321: =VLOOKUP($E1321,'DATA PENGUKURAN GARDU'!$A:$BS,42,0) -> #N/A | BC1321: =BB1321/$P1321*100 -> #N/A | BD1321: =VLOOKUP($E1321,'DATA PENGUKURAN GARDU'!$A:$BS,44,0) -> #N/A | BE1321: =BD1321/$P1321*100 -> #N/A | BF1321: =VLOOKUP($E1321,'DATA PENGUKURAN GARDU'!$A:$BS,46,0) -> #N/A | BG1321: =BF1321/$P1321*100 -> #N/A | BH1321: =VLOOKUP($E1321,'DATA PENGUKURAN GARDU'!$A:$BS,46,0) -> #N/A | BI1321: =VLOOKUP($E1321,'DATA PENGUKURAN GARDU'!$A:$BS,53,0) -> #N/A | BJ1321: =VLOOKUP($E1321,'DATA PENGUKURAN GARDU'!$A:$BS,54,0) -> #N/A | BK1321: =IF(Q1321>P1321,"OL PHASA","Normal") -> #N/A | BL1321: =IF(S1321>P1321,"OL PHASA","Normal") -> #N/A | BM1321: =IF(U1321>P1321,"OL PHASA","Normal") -> #N/A | BN1321: =IF((L1321=3),(AVERAGE(Q1321,S1321,U1321)),MAX(Q1321,S1321,U1321)) -> #N/A | BO1321: =IFERROR(IF((L1321=1),(BN1321*AH1321)/1000,(BN1321*AI1321*1.73)/1000),"0") -> 0 | BP1321: =BO1321/K1321*100 -> #VALUE! | BQ1321: =IF($L1321=1,"1 Phase",ABS(((Q1321/BN1321)-1)+ABS((S1321/BN1321)-1)+ABS((U1321/BN1321)-1))/3) -> #N/A | BR1321: #N/A | BS1321: #N/A | BT1321: =IF(BP1321<30,"Underload",IF(BP1321<=80,"Baik",IF(BP1321>80,"Overload"))) -> #VALUE! | BU1321: =IF(L1321=3,IF(BQ1321>0.2,"TDK SEIMBANG","SEIMBANG"),IF(BM1321="OL PHASA","TDK SEIMBANG","SEIMBANG")) -> #N/A | BV1321: =IF(L1321=3,IF(SUM(X1321:Y1321)>600,"NORMAL","DROP"),IF(BD1326>198,"NORMAL","DROP")) -> #N/A
A1322: =H1322&"Induk" -> K-031Induk | B1322: =H1322&"jurusan 1" -> K-031jurusan 1 | C1322: =H1322&"jurusan 2" -> K-031jurusan 2 | D1322: =H1322&"jurusan 3" -> K-031jurusan 3 | E1322: =H1322&"jurusan 4" -> K-031jurusan 4 | F1322: MOLINOW | G1322: KOTAMOBAGU | H1322: K-031 | I1322: 0.730617 | J1322: 124.29762 | K1322: 250 | L1322: 3 | M1322: 20 | N1322: =+IF(L1322=3,400,IF(L1322=1,230,0)) -> 400 | O1322: =(K1322*1000)/((M1322*1000)*1.73) -> 7.2254335 | P1322: =IF(L1322=3,(K1322*1000)/(N1322*1.73),(K1322*1000)/(N1322)) -> 361.27168 | Q1322: =VLOOKUP($A1322,'DATA PENGUKURAN GARDU'!$A:$BS,42,0) -> 68 | R1322: =Q1322/$P1322*100 -> 18.8224 | S1322: =VLOOKUP($A1322,'DATA PENGUKURAN GARDU'!$A:$BS,44,0) -> 10 | T1322: =S1322/$P1322*100 -> 2.768 | U1322: =VLOOKUP($A1322,'DATA PENGUKURAN GARDU'!$A:$BS,46,0) -> 51 | V1322: =U1322/$P1322*100 -> 14.1168 | W1322: =VLOOKUP($A1322,'DATA PENGUKURAN GARDU'!$A:$BS,48,0) -> 49 | X1322: =VLOOKUP($A1322,'DATA PENGUKURAN GARDU'!$A:$BS,53,0) -> 219 | Y1322: =VLOOKUP($A1322,'DATA PENGUKURAN GARDU'!$A:$BS,54,0) -> 386 | Z1322: =VLOOKUP($A1322,'DATA PENGUKURAN GARDU'!$A:$BS,55,0) -> 218 | AA1322: =VLOOKUP($B1322,'DATA PENGUKURAN GARDU'!$A:$BS,42,0) -> 0 | AB1322: =AA1322/$P1322*100 -> 0 | AC1322: =VLOOKUP($B1322,'DATA PENGUKURAN GARDU'!$A:$BS,44,0) -> 0 | AD1322: =AC1322/$P1322*100 -> 0 | AE1322: =VLOOKUP($B1322,'DATA PENGUKURAN GARDU'!$A:$BS,46,0) -> 0 | AF1322: =AE1322/$P1322*100 -> 0 | AG1322: =VLOOKUP($B1322,'DATA PENGUKURAN GARDU'!$A:$BS,46,0) -> 0 | AH1322: =VLOOKUP($B1322,'DATA PENGUKURAN GARDU'!$A:$BS,53,0) -> 229 | AI1322: =VLOOKUP($B1322,'DATA PENGUKURAN GARDU'!$A:$BS,54,0) -> 385.9 | AJ1322: =VLOOKUP($C1322,'DATA PENGUKURAN GARDU'!$A:$BS,42,0) -> 0 | AK1322: =AJ1322/$P1322*100 -> 0 | AL1322: =VLOOKUP($C1322,'DATA PENGUKURAN GARDU'!$A:$BS,44,0) -> 0 | AM1322: =AL1322/$P1322*100 -> 0 | AN1322: =VLOOKUP($C1322,'DATA PENGUKURAN GARDU'!$A:$BS,46,0) -> 0 | AO1322: =AN1322/$P1322*100 -> 0 | AP1322: =VLOOKUP($C1322,'DATA PENGUKURAN GARDU'!$A:$BS,46,0) -> 0 | AQ1322: =VLOOKUP($C1322,'DATA PENGUKURAN GARDU'!$A:$BS,53,0) -> 226 | AR1322: =VLOOKUP($C1322,'DATA PENGUKURAN GARDU'!$A:$BS,54,0) -> 397 | AS1322: =VLOOKUP($D1322,'DATA PENGUKURAN GARDU'!$A:$BS,42,0) -> 0 | AT1322: =AS1322/$P1322*100 -> 0 | AU1322: =VLOOKUP($D1322,'DATA PENGUKURAN GARDU'!$A:$BS,44,0) -> 0 | AV1322: =AU1322/$P1322*100 -> 0 | AW1322: =VLOOKUP($D1322,'DATA PENGUKURAN GARDU'!$A:$BS,46,0) -> 0 | AX1322: =AW1322/$P1322*100 -> 0 | AY1322: =VLOOKUP($D1322,'DATA PENGUKURAN GARDU'!$A:$BS,46,0) -> 0 | AZ1322: =VLOOKUP($D1322,'DATA PENGUKURAN GARDU'!$A:$BS,53,0) -> 0 | BA1322: =VLOOKUP($D1322,'DATA PENGUKURAN GARDU'!$A:$BS,54,0) -> 0 | BB1322: =VLOOKUP($E1322,'DATA PENGUKURAN GARDU'!$A:$BS,42,0) -> #N/A | BC1322: =BB1322/$P1322*100 -> #N/A | BD1322: =VLOOKUP($E1322,'DATA PENGUKURAN GARDU'!$A:$BS,44,0) -> #N/A | BE1322: =BD1322/$P1322*100 -> #N/A | BF1322: =VLOOKUP($E1322,'DATA PENGUKURAN GARDU'!$A:$BS,46,0) -> #N/A | BG1322: =BF1322/$P1322*100 -> #N/A | BH1322: =VLOOKUP($E1322,'DATA PENGUKURAN GARDU'!$A:$BS,46,0) -> #N/A | BI1322: =VLOOKUP($E1322,'DATA PENGUKURAN GARDU'!$A:$BS,53,0) -> #N/A | BJ1322: =VLOOKUP($E1322,'DATA PENGUKURAN GARDU'!$A:$BS,54,0) -> #N/A | BK1322: =IF(Q1322>P1322,"OL PHASA","Normal") -> Normal | BL1322: =IF(S1322>P1322,"OL PHASA","Normal") -> Normal | BM1322: =IF(U1322>P1322,"OL PHASA","Normal") -> Normal | BN1322: =IF((L1322=3),(AVERAGE(Q1322,S1322,U1322)),MAX(Q1322,S1322,U1322)) -> 43 | BO1322: =IFERROR(IF((L1322=1),(BN1322*AH1322)/1000,(BN1322*AI1322*1.73)/1000),"0") -> 28.707101 | BP1322: =BO1322/K1322*100 -> 11.48284 | BQ1322: =IF($L1322=1,"1 Phase",ABS(((Q1322/BN1322)-1)+ABS((S1322/BN1322)-1)+ABS((U1322/BN1322)-1))/3) -> 0.51162791 | BR1322: 2450 | BS1322: 0 | BT1322: =IF(BP1322<30,"Underload",IF(BP1322<=80,"Baik",IF(BP1322>80,"Overload"))) -> Underload | BU1322: =IF(L1322=3,IF(BQ1322>0.2,"TDK SEIMBANG","SEIMBANG"),IF(BM1322="OL PHASA","TDK SEIMBANG","SEIMBANG")) -> TDK SEIMBANG | BV1322: =IF(L1322=3,IF(SUM(X1322:Y1322)>600,"NORMAL","DROP"),IF(BD1327>198,"NORMAL","DROP")) -> NORMAL
A1323: =H1323&"Induk" -> K-275Induk | B1323: =H1323&"jurusan 1" -> K-275jurusan 1 | C1323: =H1323&"jurusan 2" -> K-275jurusan 2 | D1323: =H1323&"jurusan 3" -> K-275jurusan 3 | E1323: =H1323&"jurusan 4" -> K-275jurusan 4 | F1323: BOLAANG MONGONDOW | G1323: KOTAMOBAGU | H1323: K-275 | I1323: 0.608067 | J1323: 124.2688 | K1323: 200 | L1323: 3 | M1323: 20 | N1323: =+IF(L1323=3,400,IF(L1323=1,230,0)) -> 400 | O1323: =(K1323*1000)/((M1323*1000)*1.73) -> 5.7803468 | P1323: =IF(L1323=3,(K1323*1000)/(N1323*1.73),(K1323*1000)/(N1323)) -> 289.01734 | Q1323: =VLOOKUP($A1323,'DATA PENGUKURAN GARDU'!$A:$BS,42,0) -> 161 | R1323: =Q1323/$P1323*100 -> 55.706 | S1323: =VLOOKUP($A1323,'DATA PENGUKURAN GARDU'!$A:$BS,44,0) -> 168 | T1323: =S1323/$P1323*100 -> 58.128 | U1323: =VLOOKUP($A1323,'DATA PENGUKURAN GARDU'!$A:$BS,46,0) -> 180 | V1323: =U1323/$P1323*100 -> 62.28 | W1323: =VLOOKUP($A1323,'DATA PENGUKURAN GARDU'!$A:$BS,48,0) -> 49 | X1323: =VLOOKUP($A1323,'DATA PENGUKURAN GARDU'!$A:$BS,53,0) -> 230 | Y1323: =VLOOKUP($A1323,'DATA PENGUKURAN GARDU'!$A:$BS,54,0) -> 400 | Z1323: =VLOOKUP($A1323,'DATA PENGUKURAN GARDU'!$A:$BS,55,0) -> 203 | AA1323: =VLOOKUP($B1323,'DATA PENGUKURAN GARDU'!$A:$BS,42,0) -> 88 | AB1323: =AA1323/$P1323*100 -> 30.448 | AC1323: =VLOOKUP($B1323,'DATA PENGUKURAN GARDU'!$A:$BS,44,0) -> 106 | AD1323: =AC1323/$P1323*100 -> 36.676 | AE1323: =VLOOKUP($B1323,'DATA PENGUKURAN GARDU'!$A:$BS,46,0) -> 126 | AF1323: =AE1323/$P1323*100 -> 43.596 | AG1323: =VLOOKUP($B1323,'DATA PENGUKURAN GARDU'!$A:$BS,46,0) -> 126 | AH1323: =VLOOKUP($B1323,'DATA PENGUKURAN GARDU'!$A:$BS,53,0) -> 0 | AI1323: =VLOOKUP($B1323,'DATA PENGUKURAN GARDU'!$A:$BS,54,0) -> 0 | AJ1323: =VLOOKUP($C1323,'DATA PENGUKURAN GARDU'!$A:$BS,42,0) -> 73 | AK1323: =AJ1323/$P1323*100 -> 25.258 | AL1323: =VLOOKUP($C1323,'DATA PENGUKURAN GARDU'!$A:$BS,44,0) -> 62 | AM1323: =AL1323/$P1323*100 -> 21.452 | AN1323: =VLOOKUP($C1323,'DATA PENGUKURAN GARDU'!$A:$BS,46,0) -> 54 | AO1323: =AN1323/$P1323*100 -> 18.684 | AP1323: =VLOOKUP($C1323,'DATA PENGUKURAN GARDU'!$A:$BS,46,0) -> 54 | AQ1323: =VLOOKUP($C1323,'DATA PENGUKURAN GARDU'!$A:$BS,53,0) -> 0 | AR1323: =VLOOKUP($C1323,'DATA PENGUKURAN GARDU'!$A:$BS,54,0) -> 0 | AS1323: =VLOOKUP($D1323,'DATA PENGUKURAN GARDU'!$A:$BS,42,0) -> 0 | AT1323: =AS1323/$P1323*100 -> 0 | AU1323: =VLOOKUP($D1323,'DATA PENGUKURAN GARDU'!$A:$BS,44,0) -> 0 | AV1323: =AU1323/$P1323*100 -> 0 | AW1323: =VLOOKUP($D1323,'DATA PENGUKURAN GARDU'!$A:$BS,46,0) -> 0 | AX1323: =AW1323/$P1323*100 -> 0 | AY1323: =VLOOKUP($D1323,'DATA PENGUKURAN GARDU'!$A:$BS,46,0) -> 0 | AZ1323: =VLOOKUP($D1323,'DATA PENGUKURAN GARDU'!$A:$BS,53,0) -> 0 | BA1323: =VLOOKUP($D1323,'DATA PENGUKURAN GARDU'!$A:$BS,54,0) -> 0 | BB1323: =VLOOKUP($E1323,'DATA PENGUKURAN GARDU'!$A:$BS,42,0) -> #N/A | BC1323: =BB1323/$P1323*100 -> #N/A | BD1323: =VLOOKUP($E1323,'DATA PENGUKURAN GARDU'!$A:$BS,44,0) -> #N/A | BE1323: =BD1323/$P1323*100 -> #N/A | BF1323: =VLOOKUP($E1323,'DATA PENGUKURAN GARDU'!$A:$BS,46,0) -> #N/A | BG1323: =BF1323/$P1323*100 -> #N/A | BH1323: =VLOOKUP($E1323,'DATA PENGUKURAN GARDU'!$A:$BS,46,0) -> #N/A | BI1323: =VLOOKUP($E1323,'DATA PENGUKURAN GARDU'!$A:$BS,53,0) -> #N/A | BJ1323: =VLOOKUP($E1323,'DATA PENGUKURAN GARDU'!$A:$BS,54,0) -> #N/A | BK1323: =IF(Q1323>P1323,"OL PHASA","Normal") -> Normal | BL1323: =IF(S1323>P1323,"OL PHASA","Normal") -> Normal | BM1323: =IF(U1323>P1323,"OL PHASA","Normal") -> Normal | BN1323: =IF((L1323=3),(AVERAGE(Q1323,S1323,U1323)),MAX(Q1323,S1323,U1323)) -> 169.66667 | BO1323: =IFERROR(IF((L1323=1),(BN1323*AH1323)/1000,(BN1323*AI1323*1.73)/1000),"0") -> 0 | BP1323: =BO1323/K1323*100 -> 0 | BQ1323: =IF($L1323=1,"1 Phase",ABS(((Q1323/BN1323)-1)+ABS((S1323/BN1323)-1)+ABS((U1323/BN1323)-1))/3) -> 0.0065487885 | BR1323: 1060 | BS1323: 0 | BT1323: =IF(BP1323<30,"Underload",IF(BP1323<=80,"Baik",IF(BP1323>80,"Overload"))) -> Underload | BU1323: =IF(L1323=3,IF(BQ1323>0.2,"TDK SEIMBANG","SEIMBANG"),IF(BM1323="OL PHASA","TDK SEIMBANG","SEIMBANG")) -> SEIMBANG | BV1323: =IF(L1323=3,IF(SUM(X1323:Y1323)>600,"NORMAL","DROP"),IF(BD1328>198,"NORMAL","DROP")) -> NORMAL
A1324: =H1324&"Induk" -> K-278.2Induk | B1324: =H1324&"jurusan 1" -> K-278.2jurusan 1 | C1324: =H1324&"jurusan 2" -> K-278.2jurusan 2 | D1324: =H1324&"jurusan 3" -> K-278.2jurusan 3 | E1324: =H1324&"jurusan 4" -> K-278.2jurusan 4 | F1324: BOLAANG MONGONDOW | G1324: KOTAMOBAGU | H1324: K-278.2 | I1324: 0.597431 | J1324: 124.25584 | K1324: 200 | L1324: 3 | M1324: 20 | N1324: =+IF(L1324=3,400,IF(L1324=1,230,0)) -> 400 | O1324: =(K1324*1000)/((M1324*1000)*1.73) -> 5.7803468 | P1324: =IF(L1324=3,(K1324*1000)/(N1324*1.73),(K1324*1000)/(N1324)) -> 289.01734 | Q1324: =VLOOKUP($A1324,'DATA PENGUKURAN GARDU'!$A:$BS,42,0) -> 72 | R1324: =Q1324/$P1324*100 -> 24.912 | S1324: =VLOOKUP($A1324,'DATA PENGUKURAN GARDU'!$A:$BS,44,0) -> 59 | T1324: =S1324/$P1324*100 -> 20.414 | U1324: =VLOOKUP($A1324,'DATA PENGUKURAN GARDU'!$A:$BS,46,0) -> 71 | V1324: =U1324/$P1324*100 -> 24.566 | W1324: =VLOOKUP($A1324,'DATA PENGUKURAN GARDU'!$A:$BS,48,0) -> 30 | X1324: =VLOOKUP($A1324,'DATA PENGUKURAN GARDU'!$A:$BS,53,0) -> 230 | Y1324: =VLOOKUP($A1324,'DATA PENGUKURAN GARDU'!$A:$BS,54,0) -> 400 | Z1324: =VLOOKUP($A1324,'DATA PENGUKURAN GARDU'!$A:$BS,55,0) -> 203 | AA1324: =VLOOKUP($B1324,'DATA PENGUKURAN GARDU'!$A:$BS,42,0) -> 24 | AB1324: =AA1324/$P1324*100 -> 8.304 | AC1324: =VLOOKUP($B1324,'DATA PENGUKURAN GARDU'!$A:$BS,44,0) -> 18 | AD1324: =AC1324/$P1324*100 -> 6.228 | AE1324: =VLOOKUP($B1324,'DATA PENGUKURAN GARDU'!$A:$BS,46,0) -> 23 | AF1324: =AE1324/$P1324*100 -> 7.958 | AG1324: =VLOOKUP($B1324,'DATA PENGUKURAN GARDU'!$A:$BS,46,0) -> 23 | AH1324: =VLOOKUP($B1324,'DATA PENGUKURAN GARDU'!$A:$BS,53,0) -> 0 | AI1324: =VLOOKUP($B1324,'DATA PENGUKURAN GARDU'!$A:$BS,54,0) -> 0 | AJ1324: =VLOOKUP($C1324,'DATA PENGUKURAN GARDU'!$A:$BS,42,0) -> 48 | AK1324: =AJ1324/$P1324*100 -> 16.608 | AL1324: =VLOOKUP($C1324,'DATA PENGUKURAN GARDU'!$A:$BS,44,0) -> 41 | AM1324: =AL1324/$P1324*100 -> 14.186 | AN1324: =VLOOKUP($C1324,'DATA PENGUKURAN GARDU'!$A:$BS,46,0) -> 48 | AO1324: =AN1324/$P1324*100 -> 16.608 | AP1324: =VLOOKUP($C1324,'DATA PENGUKURAN GARDU'!$A:$BS,46,0) -> 48 | AQ1324: =VLOOKUP($C1324,'DATA PENGUKURAN GARDU'!$A:$BS,53,0) -> 0 | AR1324: =VLOOKUP($C1324,'DATA PENGUKURAN GARDU'!$A:$BS,54,0) -> 0 | AS1324: =VLOOKUP($D1324,'DATA PENGUKURAN GARDU'!$A:$BS,42,0) -> 0 | AT1324: =AS1324/$P1324*100 -> 0 | AU1324: =VLOOKUP($D1324,'DATA PENGUKURAN GARDU'!$A:$BS,44,0) -> 0 | AV1324: =AU1324/$P1324*100 -> 0 | AW1324: =VLOOKUP($D1324,'DATA PENGUKURAN GARDU'!$A:$BS,46,0) -> 0 | AX1324: =AW1324/$P1324*100 -> 0 | AY1324: =VLOOKUP($D1324,'DATA PENGUKURAN GARDU'!$A:$BS,46,0) -> 0 | AZ1324: =VLOOKUP($D1324,'DATA PENGUKURAN GARDU'!$A:$BS,53,0) -> 0 | BA1324: =VLOOKUP($D1324,'DATA PENGUKURAN GARDU'!$A:$BS,54,0) -> 0 | BB1324: =VLOOKUP($E1324,'DATA PENGUKURAN GARDU'!$A:$BS,42,0) -> #N/A | BC1324: =BB1324/$P1324*100 -> #N/A | BD1324: =VLOOKUP($E1324,'DATA PENGUKURAN GARDU'!$A:$BS,44,0) -> #N/A | BE1324: =BD1324/$P1324*100 -> #N/A | BF1324: =VLOOKUP($E1324,'DATA PENGUKURAN GARDU'!$A:$BS,46,0) -> #N/A | BG1324: =BF1324/$P1324*100 -> #N/A | BH1324: =VLOOKUP($E1324,'DATA PENGUKURAN GARDU'!$A:$BS,46,0) -> #N/A | BI1324: =VLOOKUP($E1324,'DATA PENGUKURAN GARDU'!$A:$BS,53,0) -> #N/A | BJ1324: =VLOOKUP($E1324,'DATA PENGUKURAN GARDU'!$A:$BS,54,0) -> #N/A | BK1324: =IF(Q1324>P1324,"OL PHASA","Normal") -> Normal | BL1324: =IF(S1324>P1324,"OL PHASA","Normal") -> Normal | BM1324: =IF(U1324>P1324,"OL PHASA","Normal") -> Normal | BN1324: =IF((L1324=3),(AVERAGE(Q1324,S1324,U1324)),MAX(Q1324,S1324,U1324)) -> 67.333333 | BO1324: =IFERROR(IF((L1324=1),(BN1324*AH1324)/1000,(BN1324*AI1324*1.73)/1000),"0") -> 0 | BP1324: =BO1324/K1324*100 -> 0 | BQ1324: =IF($L1324=1,"1 Phase",ABS(((Q1324/BN1324)-1)+ABS((S1324/BN1324)-1)+ABS((U1324/BN1324)-1))/3) -> 0.082508251 | BR1324: 1060 | BS1324: 0 | BT1324: =IF(BP1324<30,"Underload",IF(BP1324<=80,"Baik",IF(BP1324>80,"Overload"))) -> Underload | BU1324: =IF(L1324=3,IF(BQ1324>0.2,"TDK SEIMBANG","SEIMBANG"),IF(BM1324="OL PHASA","TDK SEIMBANG","SEIMBANG")) -> SEIMBANG | BV1324: =IF(L1324=3,IF(SUM(X1324:Y1324)>600,"NORMAL","DROP"),IF(BD1329>198,"NORMAL","DROP")) -> NORMAL
A1325: =H1325&"Induk" -> K-211Induk | B1325: =H1325&"jurusan 1" -> K-211jurusan 1 | C1325: =H1325&"jurusan 2" -> K-211jurusan 2 | D1325: =H1325&"jurusan 3" -> K-211jurusan 3 | E1325: =H1325&"jurusan 4" -> K-211jurusan 4 | F1325: KOTAMOBAGU TIMUR | G1325: KOTAMOBAGU | H1325: K-211 | I1325: 0.73827938 | J1325: 124.34365 | K1325: 200 | L1325: 3 | M1325: 20 | N1325: =+IF(L1325=3,400,IF(L1325=1,230,0)) -> 400 | O1325: =(K1325*1000)/((M1325*1000)*1.73) -> 5.7803468 | P1325: =IF(L1325=3,(K1325*1000)/(N1325*1.73),(K1325*1000)/(N1325)) -> 289.01734 | Q1325: =VLOOKUP($A1325,'DATA PENGUKURAN GARDU'!$A:$BS,42,0) -> 151 | R1325: =Q1325/$P1325*100 -> 52.246 | S1325: =VLOOKUP($A1325,'DATA PENGUKURAN GARDU'!$A:$BS,44,0) -> 165 | T1325: =S1325/$P1325*100 -> 57.09 | U1325: =VLOOKUP($A1325,'DATA PENGUKURAN GARDU'!$A:$BS,46,0) -> 159 | V1325: =U1325/$P1325*100 -> 55.014 | W1325: =VLOOKUP($A1325,'DATA PENGUKURAN GARDU'!$A:$BS,48,0) -> 122 | X1325: =VLOOKUP($A1325,'DATA PENGUKURAN GARDU'!$A:$BS,53,0) -> 230 | Y1325: =VLOOKUP($A1325,'DATA PENGUKURAN GARDU'!$A:$BS,54,0) -> 400 | Z1325: =VLOOKUP($A1325,'DATA PENGUKURAN GARDU'!$A:$BS,55,0) -> 203 | AA1325: =VLOOKUP($B1325,'DATA PENGUKURAN GARDU'!$A:$BS,42,0) -> 61 | AB1325: =AA1325/$P1325*100 -> 21.106 | AC1325: =VLOOKUP($B1325,'DATA PENGUKURAN GARDU'!$A:$BS,44,0) -> 41 | AD1325: =AC1325/$P1325*100 -> 14.186 | AE1325: =VLOOKUP($B1325,'DATA PENGUKURAN GARDU'!$A:$BS,46,0) -> 72 | AF1325: =AE1325/$P1325*100 -> 24.912 | AG1325: =VLOOKUP($B1325,'DATA PENGUKURAN GARDU'!$A:$BS,46,0) -> 72 | AH1325: =VLOOKUP($B1325,'DATA PENGUKURAN GARDU'!$A:$BS,53,0) -> 0 | AI1325: =VLOOKUP($B1325,'DATA PENGUKURAN GARDU'!$A:$BS,54,0) -> 0 | AJ1325: =VLOOKUP($C1325,'DATA PENGUKURAN GARDU'!$A:$BS,42,0) -> 44 | AK1325: =AJ1325/$P1325*100 -> 15.224 | AL1325: =VLOOKUP($C1325,'DATA PENGUKURAN GARDU'!$A:$BS,44,0) -> 26 | AM1325: =AL1325/$P1325*100 -> 8.996 | AN1325: =VLOOKUP($C1325,'DATA PENGUKURAN GARDU'!$A:$BS,46,0) -> 36 | AO1325: =AN1325/$P1325*100 -> 12.456 | AP1325: =VLOOKUP($C1325,'DATA PENGUKURAN GARDU'!$A:$BS,46,0) -> 36 | AQ1325: =VLOOKUP($C1325,'DATA PENGUKURAN GARDU'!$A:$BS,53,0) -> 0 | AR1325: =VLOOKUP($C1325,'DATA PENGUKURAN GARDU'!$A:$BS,54,0) -> 0 | AS1325: =VLOOKUP($D1325,'DATA PENGUKURAN GARDU'!$A:$BS,42,0) -> 46 | AT1325: =AS1325/$P1325*100 -> 15.916 | AU1325: =VLOOKUP($D1325,'DATA PENGUKURAN GARDU'!$A:$BS,44,0) -> 98 | AV1325: =AU1325/$P1325*100 -> 33.908 | AW1325: =VLOOKUP($D1325,'DATA PENGUKURAN GARDU'!$A:$BS,46,0) -> 51 | AX1325: =AW1325/$P1325*100 -> 17.646 | AY1325: =VLOOKUP($D1325,'DATA PENGUKURAN GARDU'!$A:$BS,46,0) -> 51 | AZ1325: =VLOOKUP($D1325,'DATA PENGUKURAN GARDU'!$A:$BS,53,0) -> 0 | BA1325: =VLOOKUP($D1325,'DATA PENGUKURAN GARDU'!$A:$BS,54,0) -> 0 | BB1325: =VLOOKUP($E1325,'DATA PENGUKURAN GARDU'!$A:$BS,42,0) -> #N/A | BC1325: =BB1325/$P1325*100 -> #N/A | BD1325: =VLOOKUP($E1325,'DATA PENGUKURAN GARDU'!$A:$BS,44,0) -> #N/A | BE1325: =BD1325/$P1325*100 -> #N/A | BF1325: =VLOOKUP($E1325,'DATA PENGUKURAN GARDU'!$A:$BS,46,0) -> #N/A | BG1325: =BF1325/$P1325*100 -> #N/A | BH1325: =VLOOKUP($E1325,'DATA PENGUKURAN GARDU'!$A:$BS,46,0) -> #N/A | BI1325: =VLOOKUP($E1325,'DATA PENGUKURAN GARDU'!$A:$BS,53,0) -> #N/A | BJ1325: =VLOOKUP($E1325,'DATA PENGUKURAN GARDU'!$A:$BS,54,0) -> #N/A | BK1325: =IF(Q1325>P1325,"OL PHASA","Normal") -> Normal | BL1325: =IF(S1325>P1325,"OL PHASA","Normal") -> Normal | BM1325: =IF(U1325>P1325,"OL PHASA","Normal") -> Normal | BN1325: =IF((L1325=3),(AVERAGE(Q1325,S1325,U1325)),MAX(Q1325,S1325,U1325)) -> 158.33333 | BO1325: =IFERROR(IF((L1325=1),(BN1325*AH1325)/1000,(BN1325*AI1325*1.73)/1000),"0") -> 0 | BP1325: =BO1325/K1325*100 -> 0 | BQ1325: =IF($L1325=1,"1 Phase",ABS(((Q1325/BN1325)-1)+ABS((S1325/BN1325)-1)+ABS((U1325/BN1325)-1))/3) -> 7.4014868e-17 | BR1325: 1060 | BS1325: 0 | BT1325: =IF(BP1325<30,"Underload",IF(BP1325<=80,"Baik",IF(BP1325>80,"Overload"))) -> Underload | BU1325: =IF(L1325=3,IF(BQ1325>0.2,"TDK SEIMBANG","SEIMBANG"),IF(BM1325="OL PHASA","TDK SEIMBANG","SEIMBANG")) -> SEIMBANG | BV1325: =IF(L1325=3,IF(SUM(X1325:Y1325)>600,"NORMAL","DROP"),IF(BD1330>198,"NORMAL","DROP")) -> NORMAL
A1326: =H1326&"Induk" -> K-025Induk | B1326: =H1326&"jurusan 1" -> K-025jurusan 1 | C1326: =H1326&"jurusan 2" -> K-025jurusan 2 | D1326: =H1326&"jurusan 3" -> K-025jurusan 3 | E1326: =H1326&"jurusan 4" -> K-025jurusan 4 | F1326: MONGONDOW | G1326: KOTAMOBAGU | H1326: K-025 | I1326: 0.725683 | J1326: 124.28883 | K1326: 160 | L1326: 3 | M1326: 20 | N1326: =+IF(L1326=3,400,IF(L1326=1,230,0)) -> 400 | O1326: =(K1326*1000)/((M1326*1000)*1.73) -> 4.6242775 | P1326: =IF(L1326=3,(K1326*1000)/(N1326*1.73),(K1326*1000)/(N1326)) -> 231.21387 | Q1326: =VLOOKUP($A1326,'DATA PENGUKURAN GARDU'!$A:$BS,42,0) -> 149 | R1326: =Q1326/$P1326*100 -> 64.4425 | S1326: =VLOOKUP($A1326,'DATA PENGUKURAN GARDU'!$A:$BS,44,0) -> 47 | T1326: =S1326/$P1326*100 -> 20.3275 | U1326: =VLOOKUP($A1326,'DATA PENGUKURAN GARDU'!$A:$BS,46,0) -> 136 | V1326: =U1326/$P1326*100 -> 58.82 | W1326: =VLOOKUP($A1326,'DATA PENGUKURAN GARDU'!$A:$BS,48,0) -> 112 | X1326: =VLOOKUP($A1326,'DATA PENGUKURAN GARDU'!$A:$BS,53,0) -> 230 | Y1326: =VLOOKUP($A1326,'DATA PENGUKURAN GARDU'!$A:$BS,54,0) -> 400 | Z1326: =VLOOKUP($A1326,'DATA PENGUKURAN GARDU'!$A:$BS,55,0) -> 203 | AA1326: =VLOOKUP($B1326,'DATA PENGUKURAN GARDU'!$A:$BS,42,0) -> 78 | AB1326: =AA1326/$P1326*100 -> 33.735 | AC1326: =VLOOKUP($B1326,'DATA PENGUKURAN GARDU'!$A:$BS,44,0) -> 18 | AD1326: =AC1326/$P1326*100 -> 7.785 | AE1326: =VLOOKUP($B1326,'DATA PENGUKURAN GARDU'!$A:$BS,46,0) -> 40 | AF1326: =AE1326/$P1326*100 -> 17.3 | AG1326: =VLOOKUP($B1326,'DATA PENGUKURAN GARDU'!$A:$BS,46,0) -> 40 | AH1326: =VLOOKUP($B1326,'DATA PENGUKURAN GARDU'!$A:$BS,53,0) -> 0 | AI1326: =VLOOKUP($B1326,'DATA PENGUKURAN GARDU'!$A:$BS,54,0) -> 0 | AJ1326: =VLOOKUP($C1326,'DATA PENGUKURAN GARDU'!$A:$BS,42,0) -> 71 | AK1326: =AJ1326/$P1326*100 -> 30.7075 | AL1326: =VLOOKUP($C1326,'DATA PENGUKURAN GARDU'!$A:$BS,44,0) -> 29 | AM1326: =AL1326/$P1326*100 -> 12.5425 | AN1326: =VLOOKUP($C1326,'DATA PENGUKURAN GARDU'!$A:$BS,46,0) -> 96 | AO1326: =AN1326/$P1326*100 -> 41.52 | AP1326: =VLOOKUP($C1326,'DATA PENGUKURAN GARDU'!$A:$BS,46,0) -> 96 | AQ1326: =VLOOKUP($C1326,'DATA PENGUKURAN GARDU'!$A:$BS,53,0) -> 0 | AR1326: =VLOOKUP($C1326,'DATA PENGUKURAN GARDU'!$A:$BS,54,0) -> 0 | AS1326: =VLOOKUP($D1326,'DATA PENGUKURAN GARDU'!$A:$BS,42,0) -> 0 | AT1326: =AS1326/$P1326*100 -> 0 | AU1326: =VLOOKUP($D1326,'DATA PENGUKURAN GARDU'!$A:$BS,44,0) -> 0 | AV1326: =AU1326/$P1326*100 -> 0 | AW1326: =VLOOKUP($D1326,'DATA PENGUKURAN GARDU'!$A:$BS,46,0) -> 0 | AX1326: =AW1326/$P1326*100 -> 0 | AY1326: =VLOOKUP($D1326,'DATA PENGUKURAN GARDU'!$A:$BS,46,0) -> 0 | AZ1326: =VLOOKUP($D1326,'DATA PENGUKURAN GARDU'!$A:$BS,53,0) -> 0 | BA1326: =VLOOKUP($D1326,'DATA PENGUKURAN GARDU'!$A:$BS,54,0) -> 0 | BB1326: =VLOOKUP($E1326,'DATA PENGUKURAN GARDU'!$A:$BS,42,0) -> #N/A | BC1326: =BB1326/$P1326*100 -> #N/A | BD1326: =VLOOKUP($E1326,'DATA PENGUKURAN GARDU'!$A:$BS,44,0) -> #N/A | BE1326: =BD1326/$P1326*100 -> #N/A | BF1326: =VLOOKUP($E1326,'DATA PENGUKURAN GARDU'!$A:$BS,46,0) -> #N/A | BG1326: =BF1326/$P1326*100 -> #N/A | BH1326: =VLOOKUP($E1326,'DATA PENGUKURAN GARDU'!$A:$BS,46,0) -> #N/A | BI1326: =VLOOKUP($E1326,'DATA PENGUKURAN GARDU'!$A:$BS,53,0) -> #N/A | BJ1326: =VLOOKUP($E1326,'DATA PENGUKURAN GARDU'!$A:$BS,54,0) -> #N/A | BK1326: =IF(Q1326>P1326,"OL PHASA","Normal") -> Normal | BL1326: =IF(S1326>P1326,"OL PHASA","Normal") -> Normal | BM1326: =IF(U1326>P1326,"OL PHASA","Normal") -> Normal | BN1326: =IF((L1326=3),(AVERAGE(Q1326,S1326,U1326)),MAX(Q1326,S1326,U1326)) -> 110.66667 | BO1326: =IFERROR(IF((L1326=1),(BN1326*AH1326)/1000,(BN1326*AI1326*1.73)/1000),"0") -> 0 | BP1326: =BO1326/K1326*100 -> 0 | BQ1326: =IF($L1326=1,"1 Phase",ABS(((Q1326/BN1326)-1)+ABS((S1326/BN1326)-1)+ABS((U1326/BN1326)-1))/3) -> 0.38353414 | BR1326: 1060 | BS1326: 0 | BT1326: =IF(BP1326<30,"Underload",IF(BP1326<=80,"Baik",IF(BP1326>80,"Overload"))) -> Underload | BU1326: =IF(L1326=3,IF(BQ1326>0.2,"TDK SEIMBANG","SEIMBANG"),IF(BM1326="OL PHASA","TDK SEIMBANG","SEIMBANG")) -> TDK SEIMBANG | BV1326: =IF(L1326=3,IF(SUM(X1326:Y1326)>600,"NORMAL","DROP"),IF(BD1331>198,"NORMAL","DROP")) -> NORMAL
